ts_utc,gpu_type,gpu_count,duration,usd_per_gpu_hr,gpu_model,price_hourly_usd,duration_hours,start_time_iso,captured_at_iso
2025-09-03T10:54:43,H100,8,1 hour,1.4,,,,,
2025-09-03T10:54:43,H100,32,1 hour,1.4,,,,,
2025-09-03T10:54:43,H100,128,1 hour,1.4,,,,,
2025-09-03T10:54:43,H100,256,1 hour,1.4,,,,,
2025-09-03T10:54:43,H100,16,1 hour,1.44,,,,,
2025-09-03T10:54:43,H100,8,1 day,1.4,,,,,
2025-09-03T10:54:43,H100,32,1 day,1.4,,,,,
2025-09-03T10:54:43,H100,128,1 day,1.4,,,,,
2025-09-03T10:54:43,H100,256,1 day,1.4,,,,,
2025-09-03T10:54:43,H100,16,1 day,1.4,,,,,
2025-09-03T10:54:43,H100,8,1 month,1.4,,,,,
2025-09-03T10:54:43,H100,32,1 month,1.4,,,,,
2025-09-03T10:54:43,H100,128,1 month,1.4,,,,,
2025-09-03T10:54:43,H100,256,1 month,1.4,,,,,
2025-09-03T10:54:43,H100,16,1 month,1.4,,,,,
2025-09-03T10:54:43,H200,8,1 hour,1.4,,,,,
2025-09-03T10:54:43,H200,32,1 hour,1.4,,,,,
2025-09-03T10:54:43,H200,128,1 hour,1.4,,,,,
2025-09-03T10:54:43,H200,256,1 hour,1.4,,,,,
2025-09-03T10:54:43,H200,16,1 hour,1.44,,,,,
2025-09-03T10:54:43,H200,8,1 day,1.4,,,,,
2025-09-03T10:54:43,H200,32,1 day,1.4,,,,,
2025-09-03T10:54:43,H200,128,1 day,1.4,,,,,
2025-09-03T10:54:43,H200,256,1 day,1.4,,,,,
2025-09-03T10:54:43,H200,16,1 day,1.4,,,,,
2025-09-03T10:54:43,H200,8,1 month,1.4,,,,,
2025-09-03T10:54:43,H200,32,1 month,1.4,,,,,
2025-09-03T10:54:43,H200,128,1 month,1.4,,,,,
2025-09-03T10:54:43,H200,256,1 month,1.4,,,,,
2025-09-03T10:54:43,H200,16,1 month,1.4,,,,,
2025-09-03T10:55:51,H100,8,1 hour,1.4,H100,1.4,1.0,2025-09-03 10:55:51+00:00,2025-09-03 10:55:51+00:00
2025-09-03T10:55:51,H100,32,1 hour,1.4,H100,1.4,1.0,2025-09-03 10:55:51+00:00,2025-09-03 10:55:51+00:00
2025-09-03T10:55:51,H100,128,1 hour,1.4,H100,1.4,1.0,2025-09-03 10:55:51+00:00,2025-09-03 10:55:51+00:00
2025-09-03T10:55:51,H100,256,1 hour,1.4,H100,1.4,1.0,2025-09-03 10:55:51+00:00,2025-09-03 10:55:51+00:00
2025-09-03T10:55:51,H100,16,1 hour,1.44,H100,1.44,1.0,2025-09-03 10:55:51+00:00,2025-09-03 10:55:51+00:00
2025-09-03T10:55:51,H100,8,1 day,1.4,H100,1.4,24.0,2025-09-03 10:55:51+00:00,2025-09-03 10:55:51+00:00
2025-09-03T10:55:51,H100,32,1 day,1.4,H100,1.4,24.0,2025-09-03 10:55:51+00:00,2025-09-03 10:55:51+00:00
2025-09-03T10:55:51,H100,128,1 day,1.4,H100,1.4,24.0,2025-09-03 10:55:51+00:00,2025-09-03 10:55:51+00:00
2025-09-03T10:55:51,H100,256,1 day,1.4,H100,1.4,24.0,2025-09-03 10:55:51+00:00,2025-09-03 10:55:51+00:00
2025-09-03T10:55:51,H100,16,1 day,1.4,H100,1.4,24.0,2025-09-03 10:55:51+00:00,2025-09-03 10:55:51+00:00
2025-09-03T10:55:51,H100,8,1 month,1.4,H100,1.4,720.0,2025-09-03 10:55:51+00:00,2025-09-03 10:55:51+00:00
2025-09-03T10:55:51,H100,32,1 month,1.4,H100,1.4,720.0,2025-09-03 10:55:51+00:00,2025-09-03 10:55:51+00:00
2025-09-03T10:55:51,H100,128,1 month,1.4,H100,1.4,720.0,2025-09-03 10:55:51+00:00,2025-09-03 10:55:51+00:00
2025-09-03T10:55:51,H100,256,1 month,1.4,H100,1.4,720.0,2025-09-03 10:55:51+00:00,2025-09-03 10:55:51+00:00
2025-09-03T10:55:51,H100,16,1 month,1.4,H100,1.4,720.0,2025-09-03 10:55:51+00:00,2025-09-03 10:55:51+00:00
2025-09-03T10:55:51,H200,8,1 hour,1.4,H200,1.4,1.0,2025-09-03 10:55:51+00:00,2025-09-03 10:55:51+00:00
2025-09-03T10:55:51,H200,32,1 hour,1.4,H200,1.4,1.0,2025-09-03 10:55:51+00:00,2025-09-03 10:55:51+00:00
2025-09-03T10:55:51,H200,128,1 hour,1.4,H200,1.4,1.0,2025-09-03 10:55:51+00:00,2025-09-03 10:55:51+00:00
2025-09-03T10:55:51,H200,256,1 hour,1.4,H200,1.4,1.0,2025-09-03 10:55:51+00:00,2025-09-03 10:55:51+00:00
2025-09-03T10:55:51,H200,16,1 hour,1.44,H200,1.44,1.0,2025-09-03 10:55:51+00:00,2025-09-03 10:55:51+00:00
2025-09-03T10:55:51,H200,8,1 day,1.4,H200,1.4,24.0,2025-09-03 10:55:51+00:00,2025-09-03 10:55:51+00:00
2025-09-03T10:55:51,H200,32,1 day,1.4,H200,1.4,24.0,2025-09-03 10:55:51+00:00,2025-09-03 10:55:51+00:00
2025-09-03T10:55:51,H200,128,1 day,1.4,H200,1.4,24.0,2025-09-03 10:55:51+00:00,2025-09-03 10:55:51+00:00
2025-09-03T10:55:51,H200,256,1 day,1.4,H200,1.4,24.0,2025-09-03 10:55:51+00:00,2025-09-03 10:55:51+00:00
2025-09-03T10:55:51,H200,16,1 day,1.4,H200,1.4,24.0,2025-09-03 10:55:51+00:00,2025-09-03 10:55:51+00:00
2025-09-03T10:55:51,H200,8,1 month,1.4,H200,1.4,720.0,2025-09-03 10:55:51+00:00,2025-09-03 10:55:51+00:00
2025-09-03T10:55:51,H200,32,1 month,1.4,H200,1.4,720.0,2025-09-03 10:55:51+00:00,2025-09-03 10:55:51+00:00
2025-09-03T10:55:51,H200,128,1 month,1.4,H200,1.4,720.0,2025-09-03 10:55:51+00:00,2025-09-03 10:55:51+00:00
2025-09-03T10:55:51,H200,256,1 month,1.4,H200,1.4,720.0,2025-09-03 10:55:51+00:00,2025-09-03 10:55:51+00:00
2025-09-03T10:55:51,H200,16,1 month,1.4,H200,1.4,720.0,2025-09-03 10:55:51+00:00,2025-09-03 10:55:51+00:00
2025-09-03T11:06:32,H100,8,1 hour,1.4,,,,,
2025-09-03T11:06:32,H100,32,1 hour,1.4,,,,,
2025-09-03T11:06:32,H100,128,1 hour,1.4,,,,,
2025-09-03T11:06:32,H100,256,1 hour,1.4,,,,,
2025-09-03T11:06:32,H100,16,1 hour,1.44,,,,,
2025-09-03T11:06:32,H100,8,1 day,1.4,,,,,
2025-09-03T11:06:32,H100,32,1 day,1.4,,,,,
2025-09-03T11:06:32,H100,128,1 day,1.4,,,,,
2025-09-03T11:06:32,H100,256,1 day,1.4,,,,,
2025-09-03T11:06:32,H100,16,1 day,1.4,,,,,
2025-09-03T11:06:32,H100,8,1 month,1.4,,,,,
2025-09-03T11:06:32,H100,32,1 month,1.4,,,,,
2025-09-03T11:06:32,H100,128,1 month,1.4,,,,,
2025-09-03T11:06:32,H100,256,1 month,1.4,,,,,
2025-09-03T11:06:32,H100,16,1 month,1.4,,,,,
2025-09-03T11:06:32,H200,8,1 hour,1.4,,,,,
2025-09-03T11:06:32,H200,32,1 hour,1.4,,,,,
2025-09-03T11:06:32,H200,128,1 hour,1.4,,,,,
2025-09-03T11:06:32,H200,256,1 hour,1.4,,,,,
2025-09-03T11:06:32,H200,16,1 hour,1.44,,,,,
2025-09-03T11:06:32,H200,8,1 day,1.4,,,,,
2025-09-03T11:06:32,H200,32,1 day,1.4,,,,,
2025-09-03T11:06:32,H200,128,1 day,1.4,,,,,
2025-09-03T11:06:32,H200,256,1 day,1.4,,,,,
2025-09-03T11:06:32,H200,16,1 day,1.4,,,,,
2025-09-03T11:06:32,H200,8,1 month,1.4,,,,,
2025-09-03T11:06:32,H200,32,1 month,1.4,,,,,
2025-09-03T11:06:32,H200,128,1 month,1.4,,,,,
2025-09-03T11:06:32,H200,256,1 month,1.4,,,,,
2025-09-03T11:06:32,H200,16,1 month,1.4,,,,,
2025-09-03T11:07:39,H100,8,1 hour,1.4,H100,1.4,1.0,2025-09-03 11:07:39+00:00,2025-09-03 11:07:39+00:00
2025-09-03T11:07:39,H100,32,1 hour,1.4,H100,1.4,1.0,2025-09-03 11:07:39+00:00,2025-09-03 11:07:39+00:00
2025-09-03T11:07:39,H100,128,1 hour,1.4,H100,1.4,1.0,2025-09-03 11:07:39+00:00,2025-09-03 11:07:39+00:00
2025-09-03T11:07:39,H100,256,1 hour,1.4,H100,1.4,1.0,2025-09-03 11:07:39+00:00,2025-09-03 11:07:39+00:00
2025-09-03T11:07:39,H100,16,1 hour,1.44,H100,1.44,1.0,2025-09-03 11:07:39+00:00,2025-09-03 11:07:39+00:00
2025-09-03T11:07:39,H100,8,1 day,1.4,H100,1.4,24.0,2025-09-03 11:07:39+00:00,2025-09-03 11:07:39+00:00
2025-09-03T11:07:39,H100,32,1 day,1.4,H100,1.4,24.0,2025-09-03 11:07:39+00:00,2025-09-03 11:07:39+00:00
2025-09-03T11:07:39,H100,128,1 day,1.4,H100,1.4,24.0,2025-09-03 11:07:39+00:00,2025-09-03 11:07:39+00:00
2025-09-03T11:07:39,H100,256,1 day,1.4,H100,1.4,24.0,2025-09-03 11:07:39+00:00,2025-09-03 11:07:39+00:00
2025-09-03T11:07:39,H100,16,1 day,1.4,H100,1.4,24.0,2025-09-03 11:07:39+00:00,2025-09-03 11:07:39+00:00
2025-09-03T11:07:39,H100,8,1 month,1.4,H100,1.4,720.0,2025-09-03 11:07:39+00:00,2025-09-03 11:07:39+00:00
2025-09-03T11:07:39,H100,32,1 month,1.4,H100,1.4,720.0,2025-09-03 11:07:39+00:00,2025-09-03 11:07:39+00:00
2025-09-03T11:07:39,H100,128,1 month,1.4,H100,1.4,720.0,2025-09-03 11:07:39+00:00,2025-09-03 11:07:39+00:00
2025-09-03T11:07:39,H100,256,1 month,1.4,H100,1.4,720.0,2025-09-03 11:07:39+00:00,2025-09-03 11:07:39+00:00
2025-09-03T11:07:39,H100,16,1 month,1.4,H100,1.4,720.0,2025-09-03 11:07:39+00:00,2025-09-03 11:07:39+00:00
2025-09-03T11:07:39,H200,8,1 hour,1.4,H200,1.4,1.0,2025-09-03 11:07:39+00:00,2025-09-03 11:07:39+00:00
2025-09-03T11:07:39,H200,32,1 hour,1.4,H200,1.4,1.0,2025-09-03 11:07:39+00:00,2025-09-03 11:07:39+00:00
2025-09-03T11:07:39,H200,128,1 hour,1.4,H200,1.4,1.0,2025-09-03 11:07:39+00:00,2025-09-03 11:07:39+00:00
2025-09-03T11:07:39,H200,256,1 hour,1.4,H200,1.4,1.0,2025-09-03 11:07:39+00:00,2025-09-03 11:07:39+00:00
2025-09-03T11:07:39,H200,16,1 hour,1.44,H200,1.44,1.0,2025-09-03 11:07:39+00:00,2025-09-03 11:07:39+00:00
2025-09-03T11:07:39,H200,8,1 day,1.4,H200,1.4,24.0,2025-09-03 11:07:39+00:00,2025-09-03 11:07:39+00:00
2025-09-03T11:07:39,H200,32,1 day,1.4,H200,1.4,24.0,2025-09-03 11:07:39+00:00,2025-09-03 11:07:39+00:00
2025-09-03T11:07:39,H200,128,1 day,1.4,H200,1.4,24.0,2025-09-03 11:07:39+00:00,2025-09-03 11:07:39+00:00
2025-09-03T11:07:39,H200,256,1 day,1.4,H200,1.4,24.0,2025-09-03 11:07:39+00:00,2025-09-03 11:07:39+00:00
2025-09-03T11:07:39,H200,16,1 day,1.4,H200,1.4,24.0,2025-09-03 11:07:39+00:00,2025-09-03 11:07:39+00:00
2025-09-03T11:07:39,H200,8,1 month,1.4,H200,1.4,720.0,2025-09-03 11:07:39+00:00,2025-09-03 11:07:39+00:00
2025-09-03T11:07:39,H200,32,1 month,1.4,H200,1.4,720.0,2025-09-03 11:07:39+00:00,2025-09-03 11:07:39+00:00
2025-09-03T11:07:39,H200,128,1 month,1.4,H200,1.4,720.0,2025-09-03 11:07:39+00:00,2025-09-03 11:07:39+00:00
2025-09-03T11:07:39,H200,256,1 month,1.4,H200,1.4,720.0,2025-09-03 11:07:39+00:00,2025-09-03 11:07:39+00:00
2025-09-03T11:07:39,H200,16,1 month,1.4,H200,1.4,720.0,2025-09-03 11:07:39+00:00,2025-09-03 11:07:39+00:00
2025-09-03T11:21:46,H100,8,1 hour,1.4,,,,,
2025-09-03T11:21:46,H100,32,1 hour,1.4,,,,,
2025-09-03T11:21:46,H100,128,1 hour,1.4,,,,,
2025-09-03T11:21:46,H100,256,1 hour,1.4,,,,,
2025-09-03T11:21:46,H100,16,1 hour,1.44,,,,,
2025-09-03T11:21:46,H100,8,1 day,1.4,,,,,
2025-09-03T11:21:46,H100,32,1 day,1.4,,,,,
2025-09-03T11:21:46,H100,128,1 day,1.4,,,,,
2025-09-03T11:21:46,H100,256,1 day,1.4,,,,,
2025-09-03T11:21:46,H100,16,1 day,1.4,,,,,
2025-09-03T11:21:46,H100,8,1 month,1.4,,,,,
2025-09-03T11:21:46,H100,32,1 month,1.4,,,,,
2025-09-03T11:21:46,H100,128,1 month,1.4,,,,,
2025-09-03T11:21:46,H100,256,1 month,1.4,,,,,
2025-09-03T11:21:46,H100,16,1 month,1.4,,,,,
2025-09-03T11:21:46,H200,8,1 hour,1.4,,,,,
2025-09-03T11:21:46,H200,32,1 hour,1.4,,,,,
2025-09-03T11:21:46,H200,128,1 hour,1.4,,,,,
2025-09-03T11:21:46,H200,256,1 hour,1.4,,,,,
2025-09-03T11:21:46,H200,16,1 hour,1.44,,,,,
2025-09-03T11:21:46,H200,8,1 day,1.4,,,,,
2025-09-03T11:21:46,H200,32,1 day,1.4,,,,,
2025-09-03T11:21:46,H200,128,1 day,1.4,,,,,
2025-09-03T11:21:46,H200,256,1 day,1.4,,,,,
2025-09-03T11:21:46,H200,16,1 day,1.4,,,,,
2025-09-03T11:21:46,H200,8,1 month,1.4,,,,,
2025-09-03T11:21:46,H200,32,1 month,1.4,,,,,
2025-09-03T11:21:46,H200,128,1 month,1.4,,,,,
2025-09-03T11:21:46,H200,256,1 month,1.4,,,,,
2025-09-03T11:21:46,H200,16,1 month,1.4,,,,,
2025-09-03T11:22:55,H100,8,1 hour,1.4,H100,1.4,1.0,2025-09-03 11:22:55+00:00,2025-09-03 11:22:55+00:00
2025-09-03T11:22:55,H100,32,1 hour,1.4,H100,1.4,1.0,2025-09-03 11:22:55+00:00,2025-09-03 11:22:55+00:00
2025-09-03T11:22:55,H100,128,1 hour,1.4,H100,1.4,1.0,2025-09-03 11:22:55+00:00,2025-09-03 11:22:55+00:00
2025-09-03T11:22:55,H100,256,1 hour,1.4,H100,1.4,1.0,2025-09-03 11:22:55+00:00,2025-09-03 11:22:55+00:00
2025-09-03T11:22:55,H100,16,1 hour,1.44,H100,1.44,1.0,2025-09-03 11:22:55+00:00,2025-09-03 11:22:55+00:00
2025-09-03T11:22:55,H100,8,1 day,1.4,H100,1.4,24.0,2025-09-03 11:22:55+00:00,2025-09-03 11:22:55+00:00
2025-09-03T11:22:55,H100,32,1 day,1.4,H100,1.4,24.0,2025-09-03 11:22:55+00:00,2025-09-03 11:22:55+00:00
2025-09-03T11:22:55,H100,128,1 day,1.4,H100,1.4,24.0,2025-09-03 11:22:55+00:00,2025-09-03 11:22:55+00:00
2025-09-03T11:22:55,H100,256,1 day,1.4,H100,1.4,24.0,2025-09-03 11:22:55+00:00,2025-09-03 11:22:55+00:00
2025-09-03T11:22:55,H100,16,1 day,1.4,H100,1.4,24.0,2025-09-03 11:22:55+00:00,2025-09-03 11:22:55+00:00
2025-09-03T11:22:55,H100,8,1 month,1.4,H100,1.4,720.0,2025-09-03 11:22:55+00:00,2025-09-03 11:22:55+00:00
2025-09-03T11:22:55,H100,32,1 month,1.4,H100,1.4,720.0,2025-09-03 11:22:55+00:00,2025-09-03 11:22:55+00:00
2025-09-03T11:22:55,H100,128,1 month,1.4,H100,1.4,720.0,2025-09-03 11:22:55+00:00,2025-09-03 11:22:55+00:00
2025-09-03T11:22:55,H100,256,1 month,1.4,H100,1.4,720.0,2025-09-03 11:22:55+00:00,2025-09-03 11:22:55+00:00
2025-09-03T11:22:55,H100,16,1 month,1.4,H100,1.4,720.0,2025-09-03 11:22:55+00:00,2025-09-03 11:22:55+00:00
2025-09-03T11:22:55,H200,8,1 hour,1.4,H200,1.4,1.0,2025-09-03 11:22:55+00:00,2025-09-03 11:22:55+00:00
2025-09-03T11:22:55,H200,32,1 hour,1.4,H200,1.4,1.0,2025-09-03 11:22:55+00:00,2025-09-03 11:22:55+00:00
2025-09-03T11:22:55,H200,128,1 hour,1.4,H200,1.4,1.0,2025-09-03 11:22:55+00:00,2025-09-03 11:22:55+00:00
2025-09-03T11:22:55,H200,256,1 hour,1.4,H200,1.4,1.0,2025-09-03 11:22:55+00:00,2025-09-03 11:22:55+00:00
2025-09-03T11:22:55,H200,16,1 hour,1.44,H200,1.44,1.0,2025-09-03 11:22:55+00:00,2025-09-03 11:22:55+00:00
2025-09-03T11:22:55,H200,8,1 day,1.4,H200,1.4,24.0,2025-09-03 11:22:55+00:00,2025-09-03 11:22:55+00:00
2025-09-03T11:22:55,H200,32,1 day,1.4,H200,1.4,24.0,2025-09-03 11:22:55+00:00,2025-09-03 11:22:55+00:00
2025-09-03T11:22:55,H200,128,1 day,1.4,H200,1.4,24.0,2025-09-03 11:22:55+00:00,2025-09-03 11:22:55+00:00
2025-09-03T11:22:55,H200,256,1 day,1.4,H200,1.4,24.0,2025-09-03 11:22:55+00:00,2025-09-03 11:22:55+00:00
2025-09-03T11:22:55,H200,16,1 day,1.4,H200,1.4,24.0,2025-09-03 11:22:55+00:00,2025-09-03 11:22:55+00:00
2025-09-03T11:22:55,H200,8,1 month,1.4,H200,1.4,720.0,2025-09-03 11:22:55+00:00,2025-09-03 11:22:55+00:00
2025-09-03T11:22:55,H200,32,1 month,1.4,H200,1.4,720.0,2025-09-03 11:22:55+00:00,2025-09-03 11:22:55+00:00
2025-09-03T11:22:55,H200,128,1 month,1.4,H200,1.4,720.0,2025-09-03 11:22:55+00:00,2025-09-03 11:22:55+00:00
2025-09-03T11:22:55,H200,256,1 month,1.4,H200,1.4,720.0,2025-09-03 11:22:55+00:00,2025-09-03 11:22:55+00:00
2025-09-03T11:22:55,H200,16,1 month,1.4,H200,1.4,720.0,2025-09-03 11:22:55+00:00,2025-09-03 11:22:55+00:00
2025-09-03T11:31:27,H100,8,1 hour,1.4,,,,,
2025-09-03T11:31:27,H100,32,1 hour,1.4,,,,,
2025-09-03T11:31:27,H100,128,1 hour,1.4,,,,,
2025-09-03T11:31:27,H100,256,1 hour,1.4,,,,,
2025-09-03T11:31:27,H100,16,1 hour,1.44,,,,,
2025-09-03T11:31:27,H100,8,1 day,1.4,,,,,
2025-09-03T11:31:27,H100,32,1 day,1.4,,,,,
2025-09-03T11:31:27,H100,128,1 day,1.4,,,,,
2025-09-03T11:31:27,H100,256,1 day,1.4,,,,,
2025-09-03T11:31:27,H100,16,1 day,1.4,,,,,
2025-09-03T11:31:27,H100,8,1 month,1.4,,,,,
2025-09-03T11:31:27,H100,32,1 month,1.4,,,,,
2025-09-03T11:31:27,H100,128,1 month,1.4,,,,,
2025-09-03T11:31:27,H100,256,1 month,1.4,,,,,
2025-09-03T11:31:27,H100,16,1 month,1.4,,,,,
2025-09-03T11:31:27,H200,8,1 hour,1.4,,,,,
2025-09-03T11:31:27,H200,32,1 hour,1.4,,,,,
2025-09-03T11:31:27,H200,128,1 hour,1.4,,,,,
2025-09-03T11:31:27,H200,256,1 hour,1.4,,,,,
2025-09-03T11:31:27,H200,16,1 hour,1.44,,,,,
2025-09-03T11:31:27,H200,8,1 day,1.4,,,,,
2025-09-03T11:31:27,H200,32,1 day,1.4,,,,,
2025-09-03T11:31:27,H200,128,1 day,1.4,,,,,
2025-09-03T11:31:27,H200,256,1 day,1.4,,,,,
2025-09-03T11:31:27,H200,16,1 day,1.4,,,,,
2025-09-03T11:31:27,H200,8,1 month,1.4,,,,,
2025-09-03T11:31:27,H200,32,1 month,1.4,,,,,
2025-09-03T11:31:27,H200,128,1 month,1.4,,,,,
2025-09-03T11:31:27,H200,256,1 month,1.4,,,,,
2025-09-03T11:31:27,H200,16,1 month,1.4,,,,,
2025-09-03T11:32:38,H100,8,1 hour,1.4,H100,1.4,1.0,2025-09-03 11:32:38+00:00,2025-09-03 11:32:38+00:00
2025-09-03T11:32:38,H100,32,1 hour,1.4,H100,1.4,1.0,2025-09-03 11:32:38+00:00,2025-09-03 11:32:38+00:00
2025-09-03T11:32:38,H100,128,1 hour,1.4,H100,1.4,1.0,2025-09-03 11:32:38+00:00,2025-09-03 11:32:38+00:00
2025-09-03T11:32:38,H100,256,1 hour,1.4,H100,1.4,1.0,2025-09-03 11:32:38+00:00,2025-09-03 11:32:38+00:00
2025-09-03T11:32:38,H100,16,1 hour,1.44,H100,1.44,1.0,2025-09-03 11:32:38+00:00,2025-09-03 11:32:38+00:00
2025-09-03T11:32:38,H100,8,1 day,1.4,H100,1.4,24.0,2025-09-03 11:32:38+00:00,2025-09-03 11:32:38+00:00
2025-09-03T11:32:38,H100,32,1 day,1.4,H100,1.4,24.0,2025-09-03 11:32:38+00:00,2025-09-03 11:32:38+00:00
2025-09-03T11:32:38,H100,128,1 day,1.4,H100,1.4,24.0,2025-09-03 11:32:38+00:00,2025-09-03 11:32:38+00:00
2025-09-03T11:32:38,H100,256,1 day,1.4,H100,1.4,24.0,2025-09-03 11:32:38+00:00,2025-09-03 11:32:38+00:00
2025-09-03T11:32:38,H100,16,1 day,1.4,H100,1.4,24.0,2025-09-03 11:32:38+00:00,2025-09-03 11:32:38+00:00
2025-09-03T11:32:38,H100,8,1 month,1.4,H100,1.4,720.0,2025-09-03 11:32:38+00:00,2025-09-03 11:32:38+00:00
2025-09-03T11:32:38,H100,32,1 month,1.4,H100,1.4,720.0,2025-09-03 11:32:38+00:00,2025-09-03 11:32:38+00:00
2025-09-03T11:32:38,H100,128,1 month,1.4,H100,1.4,720.0,2025-09-03 11:32:38+00:00,2025-09-03 11:32:38+00:00
2025-09-03T11:32:38,H100,256,1 month,1.4,H100,1.4,720.0,2025-09-03 11:32:38+00:00,2025-09-03 11:32:38+00:00
2025-09-03T11:32:38,H100,16,1 month,1.4,H100,1.4,720.0,2025-09-03 11:32:38+00:00,2025-09-03 11:32:38+00:00
2025-09-03T11:32:38,H200,8,1 hour,1.4,H200,1.4,1.0,2025-09-03 11:32:38+00:00,2025-09-03 11:32:38+00:00
2025-09-03T11:32:38,H200,32,1 hour,1.4,H200,1.4,1.0,2025-09-03 11:32:38+00:00,2025-09-03 11:32:38+00:00
2025-09-03T11:32:38,H200,128,1 hour,1.4,H200,1.4,1.0,2025-09-03 11:32:38+00:00,2025-09-03 11:32:38+00:00
2025-09-03T11:32:38,H200,256,1 hour,1.4,H200,1.4,1.0,2025-09-03 11:32:38+00:00,2025-09-03 11:32:38+00:00
2025-09-03T11:32:38,H200,16,1 hour,1.44,H200,1.44,1.0,2025-09-03 11:32:38+00:00,2025-09-03 11:32:38+00:00
2025-09-03T11:32:38,H200,8,1 day,1.4,H200,1.4,24.0,2025-09-03 11:32:38+00:00,2025-09-03 11:32:38+00:00
2025-09-03T11:32:38,H200,32,1 day,1.4,H200,1.4,24.0,2025-09-03 11:32:38+00:00,2025-09-03 11:32:38+00:00
2025-09-03T11:32:38,H200,128,1 day,1.4,H200,1.4,24.0,2025-09-03 11:32:38+00:00,2025-09-03 11:32:38+00:00
2025-09-03T11:32:38,H200,256,1 day,1.4,H200,1.4,24.0,2025-09-03 11:32:38+00:00,2025-09-03 11:32:38+00:00
2025-09-03T11:32:38,H200,16,1 day,1.4,H200,1.4,24.0,2025-09-03 11:32:38+00:00,2025-09-03 11:32:38+00:00
2025-09-03T11:32:38,H200,8,1 month,1.4,H200,1.4,720.0,2025-09-03 11:32:38+00:00,2025-09-03 11:32:38+00:00
2025-09-03T11:32:38,H200,32,1 month,1.4,H200,1.4,720.0,2025-09-03 11:32:38+00:00,2025-09-03 11:32:38+00:00
2025-09-03T11:32:38,H200,128,1 month,1.4,H200,1.4,720.0,2025-09-03 11:32:38+00:00,2025-09-03 11:32:38+00:00
2025-09-03T11:32:38,H200,256,1 month,1.4,H200,1.4,720.0,2025-09-03 11:32:38+00:00,2025-09-03 11:32:38+00:00
2025-09-03T11:32:38,H200,16,1 month,1.4,H200,1.4,720.0,2025-09-03 11:32:38+00:00,2025-09-03 11:32:38+00:00
2025-09-03T12:29:50,H100,8,1 hour,1.4,,,,,
2025-09-03T12:29:50,H100,32,1 hour,1.4,,,,,
2025-09-03T12:29:50,H100,128,1 hour,1.4,,,,,
2025-09-03T12:29:50,H100,256,1 hour,1.4,,,,,
2025-09-03T12:29:50,H100,16,1 hour,1.44,,,,,
2025-09-03T12:29:50,H100,8,1 day,1.4,,,,,
2025-09-03T12:29:50,H100,32,1 day,1.4,,,,,
2025-09-03T12:29:50,H100,128,1 day,1.4,,,,,
2025-09-03T12:29:50,H100,256,1 day,1.4,,,,,
2025-09-03T12:29:50,H100,16,1 day,1.4,,,,,
2025-09-03T12:29:50,H100,8,1 month,1.4,,,,,
2025-09-03T12:29:50,H100,32,1 month,1.4,,,,,
2025-09-03T12:29:50,H100,128,1 month,1.4,,,,,
2025-09-03T12:29:50,H100,256,1 month,1.4,,,,,
2025-09-03T12:29:50,H100,16,1 month,1.4,,,,,
2025-09-03T12:29:50,H200,8,1 hour,1.4,,,,,
2025-09-03T12:29:50,H200,32,1 hour,1.4,,,,,
2025-09-03T12:29:50,H200,128,1 hour,1.4,,,,,
2025-09-03T12:29:50,H200,256,1 hour,1.4,,,,,
2025-09-03T12:29:50,H200,16,1 hour,1.44,,,,,
2025-09-03T12:29:50,H200,8,1 day,1.4,,,,,
2025-09-03T12:29:50,H200,32,1 day,1.4,,,,,
2025-09-03T12:29:50,H200,128,1 day,1.4,,,,,
2025-09-03T12:29:50,H200,256,1 day,1.4,,,,,
2025-09-03T12:29:50,H200,16,1 day,1.4,,,,,
2025-09-03T12:29:50,H200,8,1 month,1.4,,,,,
2025-09-03T12:29:50,H200,32,1 month,1.4,,,,,
2025-09-03T12:29:50,H200,128,1 month,1.4,,,,,
2025-09-03T12:29:50,H200,256,1 month,1.4,,,,,
2025-09-03T12:29:50,H200,16,1 month,1.4,,,,,
2025-09-03T12:30:58,H100,8,1 hour,1.4,H100,1.4,1.0,2025-09-03 12:30:58+00:00,2025-09-03 12:30:58+00:00
2025-09-03T12:30:58,H100,32,1 hour,1.4,H100,1.4,1.0,2025-09-03 12:30:58+00:00,2025-09-03 12:30:58+00:00
2025-09-03T12:30:58,H100,128,1 hour,1.4,H100,1.4,1.0,2025-09-03 12:30:58+00:00,2025-09-03 12:30:58+00:00
2025-09-03T12:30:58,H100,256,1 hour,1.4,H100,1.4,1.0,2025-09-03 12:30:58+00:00,2025-09-03 12:30:58+00:00
2025-09-03T12:30:58,H100,16,1 hour,1.44,H100,1.44,1.0,2025-09-03 12:30:58+00:00,2025-09-03 12:30:58+00:00
2025-09-03T12:30:58,H100,8,1 day,1.4,H100,1.4,24.0,2025-09-03 12:30:58+00:00,2025-09-03 12:30:58+00:00
2025-09-03T12:30:58,H100,32,1 day,1.4,H100,1.4,24.0,2025-09-03 12:30:58+00:00,2025-09-03 12:30:58+00:00
2025-09-03T12:30:58,H100,128,1 day,1.4,H100,1.4,24.0,2025-09-03 12:30:58+00:00,2025-09-03 12:30:58+00:00
2025-09-03T12:30:58,H100,256,1 day,1.4,H100,1.4,24.0,2025-09-03 12:30:58+00:00,2025-09-03 12:30:58+00:00
2025-09-03T12:30:58,H100,16,1 day,1.4,H100,1.4,24.0,2025-09-03 12:30:58+00:00,2025-09-03 12:30:58+00:00
2025-09-03T12:30:58,H100,8,1 month,1.4,H100,1.4,720.0,2025-09-03 12:30:58+00:00,2025-09-03 12:30:58+00:00
2025-09-03T12:30:58,H100,32,1 month,1.4,H100,1.4,720.0,2025-09-03 12:30:58+00:00,2025-09-03 12:30:58+00:00
2025-09-03T12:30:58,H100,128,1 month,1.4,H100,1.4,720.0,2025-09-03 12:30:58+00:00,2025-09-03 12:30:58+00:00
2025-09-03T12:30:58,H100,256,1 month,1.4,H100,1.4,720.0,2025-09-03 12:30:58+00:00,2025-09-03 12:30:58+00:00
2025-09-03T12:30:58,H100,16,1 month,1.4,H100,1.4,720.0,2025-09-03 12:30:58+00:00,2025-09-03 12:30:58+00:00
2025-09-03T12:30:58,H200,8,1 hour,1.4,H200,1.4,1.0,2025-09-03 12:30:58+00:00,2025-09-03 12:30:58+00:00
2025-09-03T12:30:58,H200,32,1 hour,1.4,H200,1.4,1.0,2025-09-03 12:30:58+00:00,2025-09-03 12:30:58+00:00
2025-09-03T12:30:58,H200,128,1 hour,1.4,H200,1.4,1.0,2025-09-03 12:30:58+00:00,2025-09-03 12:30:58+00:00
2025-09-03T12:30:58,H200,256,1 hour,1.4,H200,1.4,1.0,2025-09-03 12:30:58+00:00,2025-09-03 12:30:58+00:00
2025-09-03T12:30:58,H200,16,1 hour,1.44,H200,1.44,1.0,2025-09-03 12:30:58+00:00,2025-09-03 12:30:58+00:00
2025-09-03T12:30:58,H200,8,1 day,1.4,H200,1.4,24.0,2025-09-03 12:30:58+00:00,2025-09-03 12:30:58+00:00
2025-09-03T12:30:58,H200,32,1 day,1.4,H200,1.4,24.0,2025-09-03 12:30:58+00:00,2025-09-03 12:30:58+00:00
2025-09-03T12:30:58,H200,128,1 day,1.4,H200,1.4,24.0,2025-09-03 12:30:58+00:00,2025-09-03 12:30:58+00:00
2025-09-03T12:30:58,H200,256,1 day,1.4,H200,1.4,24.0,2025-09-03 12:30:58+00:00,2025-09-03 12:30:58+00:00
2025-09-03T12:30:58,H200,16,1 day,1.4,H200,1.4,24.0,2025-09-03 12:30:58+00:00,2025-09-03 12:30:58+00:00
2025-09-03T12:30:58,H200,8,1 month,1.4,H200,1.4,720.0,2025-09-03 12:30:58+00:00,2025-09-03 12:30:58+00:00
2025-09-03T12:30:58,H200,32,1 month,1.4,H200,1.4,720.0,2025-09-03 12:30:58+00:00,2025-09-03 12:30:58+00:00
2025-09-03T12:30:58,H200,128,1 month,1.4,H200,1.4,720.0,2025-09-03 12:30:58+00:00,2025-09-03 12:30:58+00:00
2025-09-03T12:30:58,H200,256,1 month,1.4,H200,1.4,720.0,2025-09-03 12:30:58+00:00,2025-09-03 12:30:58+00:00
2025-09-03T12:30:58,H200,16,1 month,1.4,H200,1.4,720.0,2025-09-03 12:30:58+00:00,2025-09-03 12:30:58+00:00
2025-09-03T14:15:37,H100,8,1 hour,1.4,,,,,
2025-09-03T14:15:37,H100,32,1 hour,1.4,,,,,
2025-09-03T14:15:37,H100,128,1 hour,1.4,,,,,
2025-09-03T14:15:37,H100,256,1 hour,1.4,,,,,
2025-09-03T14:15:37,H100,16,1 hour,1.44,,,,,
2025-09-03T14:15:37,H100,8,1 day,1.4,,,,,
2025-09-03T14:15:37,H100,32,1 day,1.4,,,,,
2025-09-03T14:15:37,H100,128,1 day,1.4,,,,,
2025-09-03T14:15:37,H100,256,1 day,1.4,,,,,
2025-09-03T14:15:37,H100,16,1 day,1.4,,,,,
2025-09-03T14:15:37,H100,8,1 month,1.4,,,,,
2025-09-03T14:15:37,H100,32,1 month,1.4,,,,,
2025-09-03T14:15:37,H100,128,1 month,1.4,,,,,
2025-09-03T14:15:37,H100,256,1 month,1.4,,,,,
2025-09-03T14:15:37,H100,16,1 month,1.4,,,,,
2025-09-03T14:15:37,H200,8,1 hour,1.4,,,,,
2025-09-03T14:15:37,H200,32,1 hour,1.4,,,,,
2025-09-03T14:15:37,H200,128,1 hour,1.4,,,,,
2025-09-03T14:15:37,H200,256,1 hour,1.4,,,,,
2025-09-03T14:15:37,H200,16,1 hour,1.44,,,,,
2025-09-03T14:15:37,H200,8,1 day,1.4,,,,,
2025-09-03T14:15:37,H200,32,1 day,1.4,,,,,
2025-09-03T14:15:37,H200,128,1 day,1.4,,,,,
2025-09-03T14:15:37,H200,256,1 day,1.4,,,,,
2025-09-03T14:15:37,H200,16,1 day,1.4,,,,,
2025-09-03T14:15:37,H200,8,1 month,1.4,,,,,
2025-09-03T14:15:37,H200,32,1 month,1.4,,,,,
2025-09-03T14:15:37,H200,128,1 month,1.4,,,,,
2025-09-03T14:15:37,H200,256,1 month,1.4,,,,,
2025-09-03T14:15:37,H200,16,1 month,1.4,,,,,
2025-09-03T14:16:45,H100,8,1 hour,1.4,H100,1.4,1.0,2025-09-03 14:16:45+00:00,2025-09-03 14:16:45+00:00
2025-09-03T14:16:45,H100,32,1 hour,1.4,H100,1.4,1.0,2025-09-03 14:16:45+00:00,2025-09-03 14:16:45+00:00
2025-09-03T14:16:45,H100,128,1 hour,1.4,H100,1.4,1.0,2025-09-03 14:16:45+00:00,2025-09-03 14:16:45+00:00
2025-09-03T14:16:45,H100,256,1 hour,1.4,H100,1.4,1.0,2025-09-03 14:16:45+00:00,2025-09-03 14:16:45+00:00
2025-09-03T14:16:45,H100,16,1 hour,1.44,H100,1.44,1.0,2025-09-03 14:16:45+00:00,2025-09-03 14:16:45+00:00
2025-09-03T14:16:45,H100,8,1 day,1.4,H100,1.4,24.0,2025-09-03 14:16:45+00:00,2025-09-03 14:16:45+00:00
2025-09-03T14:16:45,H100,32,1 day,1.4,H100,1.4,24.0,2025-09-03 14:16:45+00:00,2025-09-03 14:16:45+00:00
2025-09-03T14:16:45,H100,128,1 day,1.4,H100,1.4,24.0,2025-09-03 14:16:45+00:00,2025-09-03 14:16:45+00:00
2025-09-03T14:16:45,H100,256,1 day,1.4,H100,1.4,24.0,2025-09-03 14:16:45+00:00,2025-09-03 14:16:45+00:00
2025-09-03T14:16:45,H100,16,1 day,1.4,H100,1.4,24.0,2025-09-03 14:16:45+00:00,2025-09-03 14:16:45+00:00
2025-09-03T14:16:45,H100,8,1 month,1.4,H100,1.4,720.0,2025-09-03 14:16:45+00:00,2025-09-03 14:16:45+00:00
2025-09-03T14:16:45,H100,32,1 month,1.4,H100,1.4,720.0,2025-09-03 14:16:45+00:00,2025-09-03 14:16:45+00:00
2025-09-03T14:16:45,H100,128,1 month,1.4,H100,1.4,720.0,2025-09-03 14:16:45+00:00,2025-09-03 14:16:45+00:00
2025-09-03T14:16:45,H100,256,1 month,1.4,H100,1.4,720.0,2025-09-03 14:16:45+00:00,2025-09-03 14:16:45+00:00
2025-09-03T14:16:45,H100,16,1 month,1.4,H100,1.4,720.0,2025-09-03 14:16:45+00:00,2025-09-03 14:16:45+00:00
2025-09-03T14:16:45,H200,8,1 hour,1.4,H200,1.4,1.0,2025-09-03 14:16:45+00:00,2025-09-03 14:16:45+00:00
2025-09-03T14:16:45,H200,32,1 hour,1.4,H200,1.4,1.0,2025-09-03 14:16:45+00:00,2025-09-03 14:16:45+00:00
2025-09-03T14:16:45,H200,128,1 hour,1.4,H200,1.4,1.0,2025-09-03 14:16:45+00:00,2025-09-03 14:16:45+00:00
2025-09-03T14:16:45,H200,256,1 hour,1.4,H200,1.4,1.0,2025-09-03 14:16:45+00:00,2025-09-03 14:16:45+00:00
2025-09-03T14:16:45,H200,16,1 hour,1.44,H200,1.44,1.0,2025-09-03 14:16:45+00:00,2025-09-03 14:16:45+00:00
2025-09-03T14:16:45,H200,8,1 day,1.4,H200,1.4,24.0,2025-09-03 14:16:45+00:00,2025-09-03 14:16:45+00:00
2025-09-03T14:16:45,H200,32,1 day,1.4,H200,1.4,24.0,2025-09-03 14:16:45+00:00,2025-09-03 14:16:45+00:00
2025-09-03T14:16:45,H200,128,1 day,1.4,H200,1.4,24.0,2025-09-03 14:16:45+00:00,2025-09-03 14:16:45+00:00
2025-09-03T14:16:45,H200,256,1 day,1.4,H200,1.4,24.0,2025-09-03 14:16:45+00:00,2025-09-03 14:16:45+00:00
2025-09-03T14:16:45,H200,16,1 day,1.4,H200,1.4,24.0,2025-09-03 14:16:45+00:00,2025-09-03 14:16:45+00:00
2025-09-03T14:16:45,H200,8,1 month,1.4,H200,1.4,720.0,2025-09-03 14:16:45+00:00,2025-09-03 14:16:45+00:00
2025-09-03T14:16:45,H200,32,1 month,1.4,H200,1.4,720.0,2025-09-03 14:16:45+00:00,2025-09-03 14:16:45+00:00
2025-09-03T14:16:45,H200,128,1 month,1.4,H200,1.4,720.0,2025-09-03 14:16:45+00:00,2025-09-03 14:16:45+00:00
2025-09-03T14:16:45,H200,256,1 month,1.4,H200,1.4,720.0,2025-09-03 14:16:45+00:00,2025-09-03 14:16:45+00:00
2025-09-03T14:16:45,H200,16,1 month,1.4,H200,1.4,720.0,2025-09-03 14:16:45+00:00,2025-09-03 14:16:45+00:00
2025-09-03T16:18:21,H100,8,1 hour,1.4,,,,,
2025-09-03T16:18:21,H100,32,1 hour,1.4,,,,,
2025-09-03T16:18:21,H100,128,1 hour,1.4,,,,,
2025-09-03T16:18:21,H100,256,1 hour,1.4,,,,,
2025-09-03T16:18:21,H100,16,1 hour,1.44,,,,,
2025-09-03T16:18:21,H100,8,1 day,1.4,,,,,
2025-09-03T16:18:21,H100,32,1 day,1.4,,,,,
2025-09-03T16:18:21,H100,128,1 day,1.4,,,,,
2025-09-03T16:18:21,H100,256,1 day,1.4,,,,,
2025-09-03T16:18:21,H100,16,1 day,1.4,,,,,
2025-09-03T16:18:21,H100,8,1 month,1.4,,,,,
2025-09-03T16:18:21,H100,32,1 month,1.4,,,,,
2025-09-03T16:18:21,H100,128,1 month,1.4,,,,,
2025-09-03T16:18:21,H100,256,1 month,1.4,,,,,
2025-09-03T16:18:21,H100,16,1 month,1.4,,,,,
2025-09-03T16:18:21,H200,8,1 hour,1.4,,,,,
2025-09-03T16:18:21,H200,32,1 hour,1.4,,,,,
2025-09-03T16:18:21,H200,128,1 hour,1.4,,,,,
2025-09-03T16:18:21,H200,256,1 hour,1.4,,,,,
2025-09-03T16:18:21,H200,16,1 hour,1.44,,,,,
2025-09-03T16:18:21,H200,8,1 day,1.4,,,,,
2025-09-03T16:18:21,H200,32,1 day,1.4,,,,,
2025-09-03T16:18:21,H200,128,1 day,1.4,,,,,
2025-09-03T16:18:21,H200,256,1 day,1.4,,,,,
2025-09-03T16:18:21,H200,16,1 day,1.4,,,,,
2025-09-03T16:18:21,H200,8,1 month,1.4,,,,,
2025-09-03T16:18:21,H200,32,1 month,1.4,,,,,
2025-09-03T16:18:21,H200,128,1 month,1.4,,,,,
2025-09-03T16:18:21,H200,256,1 month,1.4,,,,,
2025-09-03T16:18:21,H200,16,1 month,1.4,,,,,
2025-09-03T16:19:30,H100,8,1 hour,1.4,H100,1.4,1.0,2025-09-03 16:19:30+00:00,2025-09-03 16:19:30+00:00
2025-09-03T16:19:30,H100,32,1 hour,1.4,H100,1.4,1.0,2025-09-03 16:19:30+00:00,2025-09-03 16:19:30+00:00
2025-09-03T16:19:30,H100,128,1 hour,1.4,H100,1.4,1.0,2025-09-03 16:19:30+00:00,2025-09-03 16:19:30+00:00
2025-09-03T16:19:30,H100,256,1 hour,1.4,H100,1.4,1.0,2025-09-03 16:19:30+00:00,2025-09-03 16:19:30+00:00
2025-09-03T16:19:30,H100,16,1 hour,1.44,H100,1.44,1.0,2025-09-03 16:19:30+00:00,2025-09-03 16:19:30+00:00
2025-09-03T16:19:30,H100,8,1 day,1.4,H100,1.4,24.0,2025-09-03 16:19:30+00:00,2025-09-03 16:19:30+00:00
2025-09-03T16:19:30,H100,32,1 day,1.4,H100,1.4,24.0,2025-09-03 16:19:30+00:00,2025-09-03 16:19:30+00:00
2025-09-03T16:19:30,H100,128,1 day,1.4,H100,1.4,24.0,2025-09-03 16:19:30+00:00,2025-09-03 16:19:30+00:00
2025-09-03T16:19:30,H100,256,1 day,1.4,H100,1.4,24.0,2025-09-03 16:19:30+00:00,2025-09-03 16:19:30+00:00
2025-09-03T16:19:30,H100,16,1 day,1.4,H100,1.4,24.0,2025-09-03 16:19:30+00:00,2025-09-03 16:19:30+00:00
2025-09-03T16:19:30,H100,8,1 month,1.4,H100,1.4,720.0,2025-09-03 16:19:30+00:00,2025-09-03 16:19:30+00:00
2025-09-03T16:19:30,H100,32,1 month,1.4,H100,1.4,720.0,2025-09-03 16:19:30+00:00,2025-09-03 16:19:30+00:00
2025-09-03T16:19:30,H100,128,1 month,1.4,H100,1.4,720.0,2025-09-03 16:19:30+00:00,2025-09-03 16:19:30+00:00
2025-09-03T16:19:30,H100,256,1 month,1.4,H100,1.4,720.0,2025-09-03 16:19:30+00:00,2025-09-03 16:19:30+00:00
2025-09-03T16:19:30,H100,16,1 month,1.4,H100,1.4,720.0,2025-09-03 16:19:30+00:00,2025-09-03 16:19:30+00:00
2025-09-03T16:19:30,H200,8,1 hour,1.4,H200,1.4,1.0,2025-09-03 16:19:30+00:00,2025-09-03 16:19:30+00:00
2025-09-03T16:19:30,H200,32,1 hour,1.4,H200,1.4,1.0,2025-09-03 16:19:30+00:00,2025-09-03 16:19:30+00:00
2025-09-03T16:19:30,H200,128,1 hour,1.4,H200,1.4,1.0,2025-09-03 16:19:30+00:00,2025-09-03 16:19:30+00:00
2025-09-03T16:19:30,H200,256,1 hour,1.4,H200,1.4,1.0,2025-09-03 16:19:30+00:00,2025-09-03 16:19:30+00:00
2025-09-03T16:19:30,H200,16,1 hour,1.44,H200,1.44,1.0,2025-09-03 16:19:30+00:00,2025-09-03 16:19:30+00:00
2025-09-03T16:19:30,H200,8,1 day,1.4,H200,1.4,24.0,2025-09-03 16:19:30+00:00,2025-09-03 16:19:30+00:00
2025-09-03T16:19:30,H200,32,1 day,1.4,H200,1.4,24.0,2025-09-03 16:19:30+00:00,2025-09-03 16:19:30+00:00
2025-09-03T16:19:30,H200,128,1 day,1.4,H200,1.4,24.0,2025-09-03 16:19:30+00:00,2025-09-03 16:19:30+00:00
2025-09-03T16:19:30,H200,256,1 day,1.4,H200,1.4,24.0,2025-09-03 16:19:30+00:00,2025-09-03 16:19:30+00:00
2025-09-03T16:19:30,H200,16,1 day,1.4,H200,1.4,24.0,2025-09-03 16:19:30+00:00,2025-09-03 16:19:30+00:00
2025-09-03T16:19:30,H200,8,1 month,1.4,H200,1.4,720.0,2025-09-03 16:19:30+00:00,2025-09-03 16:19:30+00:00
2025-09-03T16:19:30,H200,32,1 month,1.4,H200,1.4,720.0,2025-09-03 16:19:30+00:00,2025-09-03 16:19:30+00:00
2025-09-03T16:19:30,H200,128,1 month,1.4,H200,1.4,720.0,2025-09-03 16:19:30+00:00,2025-09-03 16:19:30+00:00
2025-09-03T16:19:30,H200,256,1 month,1.4,H200,1.4,720.0,2025-09-03 16:19:30+00:00,2025-09-03 16:19:30+00:00
2025-09-03T16:19:30,H200,16,1 month,1.4,H200,1.4,720.0,2025-09-03 16:19:30+00:00,2025-09-03 16:19:30+00:00
2025-09-03T17:53:43,H100,8,1 hour,1.4,,,,,
2025-09-03T17:53:43,H100,16,1 hour,1.4,,,,,
2025-09-03T17:53:43,H100,32,1 hour,1.4,,,,,
2025-09-03T17:53:43,H100,64,1 hour,1.4,,,,,
2025-09-03T17:53:43,H100,128,1 hour,1.44,,,,,
2025-09-03T17:53:43,H100,256,1 hour,1.55,,,,,
2025-09-03T17:53:43,H100,8,1 day,1.4,,,,,
2025-09-03T17:53:43,H100,16,1 day,1.4,,,,,
2025-09-03T17:53:43,H100,32,1 day,1.4,,,,,
2025-09-03T17:53:43,H100,64,1 day,1.4,,,,,
2025-09-03T17:53:43,H100,128,1 day,1.4,,,,,
2025-09-03T17:53:43,H100,256,1 day,1.77,,,,,
2025-09-03T17:53:43,H100,8,1 week,1.4,,,,,
2025-09-03T17:53:43,H100,16,1 week,1.4,,,,,
2025-09-03T17:53:43,H100,32,1 week,1.4,,,,,
2025-09-03T17:53:43,H100,64,1 week,1.4,,,,,
2025-09-03T17:53:43,H100,128,1 week,1.4,,,,,
2025-09-03T17:53:43,H100,256,1 week,,,,,,
2025-09-03T17:53:43,H100,8,1 month,1.4,,,,,
2025-09-03T17:53:43,H100,16,1 month,1.4,,,,,
2025-09-03T17:53:43,H100,32,1 month,1.4,,,,,
2025-09-03T17:53:43,H100,64,1 month,1.4,,,,,
2025-09-03T17:53:43,H100,128,1 month,1.4,,,,,
2025-09-03T17:53:43,H100,256,1 month,,,,,,
2025-09-03T17:53:43,H200,8,1 hour,2.1,,,,,
2025-09-03T17:53:43,H200,16,1 hour,2.09,,,,,
2025-09-03T17:53:43,H200,32,1 hour,2.1,,,,,
2025-09-03T17:53:43,H200,64,1 hour,2.09,,,,,
2025-09-03T17:53:43,H200,128,1 hour,,,,,,
2025-09-03T17:53:43,H200,256,1 hour,,,,,,
2025-09-03T17:53:43,H200,8,1 day,2.1,,,,,
2025-09-03T17:53:43,H200,16,1 day,2.1,,,,,
2025-09-03T17:53:43,H200,32,1 day,2.1,,,,,
2025-09-03T17:53:43,H200,64,1 day,2.1,,,,,
2025-09-03T17:53:43,H200,128,1 day,,,,,,
2025-09-03T17:53:43,H200,256,1 day,,,,,,
2025-09-03T17:53:43,H200,8,1 week,2.1,,,,,
2025-09-03T17:53:43,H200,16,1 week,2.1,,,,,
2025-09-03T17:53:43,H200,32,1 week,2.1,,,,,
2025-09-03T17:53:43,H200,64,1 week,2.1,,,,,
2025-09-03T17:53:43,H200,128,1 week,,,,,,
2025-09-03T17:53:43,H200,256,1 week,,,,,,
2025-09-03T17:53:43,H200,8,1 month,2.1,,,,,
2025-09-03T17:53:43,H200,16,1 month,2.1,,,,,
2025-09-03T17:53:43,H200,32,1 month,2.1,,,,,
2025-09-03T17:53:43,H200,64,1 month,2.1,,,,,
2025-09-03T17:53:43,H200,128,1 month,,,,,,
2025-09-03T17:53:43,H200,256,1 month,,,,,,
2025-09-03T18:21:23,H100,8,1 hour,1.39,,,,,
2025-09-03T18:21:23,H100,16,1 hour,1.39,,,,,
2025-09-03T18:21:23,H100,32,1 hour,1.39,,,,,
2025-09-03T18:21:23,H100,64,1 hour,1.39,,,,,
2025-09-03T18:21:23,H100,128,1 hour,1.44,,,,,
2025-09-03T18:21:23,H100,256,1 hour,1.55,,,,,
2025-09-03T18:21:23,H100,8,1 day,1.4,,,,,
2025-09-03T18:21:23,H100,16,1 day,1.4,,,,,
2025-09-03T18:21:23,H100,32,1 day,1.4,,,,,
2025-09-03T18:21:23,H100,64,1 day,1.4,,,,,
2025-09-03T18:21:23,H100,128,1 day,1.4,,,,,
2025-09-03T18:21:23,H100,256,1 day,1.77,,,,,
2025-09-03T18:21:23,H100,8,1 week,1.4,,,,,
2025-09-03T18:21:23,H100,16,1 week,1.4,,,,,
2025-09-03T18:21:23,H100,32,1 week,1.4,,,,,
2025-09-03T18:21:23,H100,64,1 week,1.4,,,,,
2025-09-03T18:21:23,H100,128,1 week,1.4,,,,,
2025-09-03T18:21:23,H100,256,1 week,,,,,,
2025-09-03T18:21:23,H100,8,1 month,1.4,,,,,
2025-09-03T18:21:23,H100,16,1 month,1.4,,,,,
2025-09-03T18:21:23,H100,32,1 month,1.4,,,,,
2025-09-03T18:21:23,H100,64,1 month,1.4,,,,,
2025-09-03T18:21:23,H100,128,1 month,1.4,,,,,
2025-09-03T18:21:23,H100,256,1 month,,,,,,
2025-09-03T18:21:23,H200,8,1 hour,2.1,,,,,
2025-09-03T18:21:23,H200,16,1 hour,2.09,,,,,
2025-09-03T18:21:23,H200,32,1 hour,2.1,,,,,
2025-09-03T18:21:23,H200,64,1 hour,2.09,,,,,
2025-09-03T18:21:23,H200,128,1 hour,,,,,,
2025-09-03T18:21:23,H200,256,1 hour,,,,,,
2025-09-03T18:21:23,H200,8,1 day,2.1,,,,,
2025-09-03T18:21:23,H200,16,1 day,2.1,,,,,
2025-09-03T18:21:23,H200,32,1 day,2.1,,,,,
2025-09-03T18:21:23,H200,64,1 day,2.1,,,,,
2025-09-03T18:21:23,H200,128,1 day,,,,,,
2025-09-03T18:21:23,H200,256,1 day,,,,,,
2025-09-03T18:21:23,H200,8,1 week,2.1,,,,,
2025-09-03T18:21:23,H200,16,1 week,2.1,,,,,
2025-09-03T18:21:23,H200,32,1 week,2.1,,,,,
2025-09-03T18:21:23,H200,64,1 week,2.1,,,,,
2025-09-03T18:21:23,H200,128,1 week,,,,,,
2025-09-03T18:21:23,H200,256,1 week,,,,,,
2025-09-03T18:21:23,H200,8,1 month,2.1,,,,,
2025-09-03T18:21:23,H200,16,1 month,2.1,,,,,
2025-09-03T18:21:23,H200,32,1 month,2.1,,,,,
2025-09-03T18:21:23,H200,64,1 month,2.1,,,,,
2025-09-03T18:21:23,H200,128,1 month,,,,,,
2025-09-03T18:21:23,H200,256,1 month,,,,,,
2025-09-03T20:16:10,H100,8,1 hour,1.39,,,,,
2025-09-03T20:16:10,H100,16,1 hour,1.39,,,,,
2025-09-03T20:16:10,H100,32,1 hour,1.39,,,,,
2025-09-03T20:16:10,H100,64,1 hour,1.39,,,,,
2025-09-03T20:16:10,H100,128,1 hour,1.44,,,,,
2025-09-03T20:16:10,H100,256,1 hour,1.55,,,,,
2025-09-03T20:16:10,H100,8,1 day,1.4,,,,,
2025-09-03T20:16:10,H100,16,1 day,1.4,,,,,
2025-09-03T20:16:10,H100,32,1 day,1.4,,,,,
2025-09-03T20:16:10,H100,64,1 day,1.4,,,,,
2025-09-03T20:16:10,H100,128,1 day,1.4,,,,,
2025-09-03T20:16:10,H100,256,1 day,1.77,,,,,
2025-09-03T20:16:10,H100,8,1 week,1.4,,,,,
2025-09-03T20:16:10,H100,16,1 week,1.4,,,,,
2025-09-03T20:16:10,H100,32,1 week,1.4,,,,,
2025-09-03T20:16:10,H100,64,1 week,1.4,,,,,
2025-09-03T20:16:10,H100,128,1 week,1.4,,,,,
2025-09-03T20:16:10,H100,256,1 week,,,,,,
2025-09-03T20:16:10,H100,8,1 month,1.4,,,,,
2025-09-03T20:16:10,H100,16,1 month,1.4,,,,,
2025-09-03T20:16:10,H100,32,1 month,1.4,,,,,
2025-09-03T20:16:10,H100,64,1 month,1.4,,,,,
2025-09-03T20:16:10,H100,128,1 month,1.4,,,,,
2025-09-03T20:16:10,H100,256,1 month,,,,,,
2025-09-03T20:16:10,H200,8,1 hour,2.1,,,,,
2025-09-03T20:16:10,H200,16,1 hour,2.09,,,,,
2025-09-03T20:16:10,H200,32,1 hour,2.09,,,,,
2025-09-03T20:16:10,H200,64,1 hour,2.09,,,,,
2025-09-03T20:16:10,H200,128,1 hour,,,,,,
2025-09-03T20:16:10,H200,256,1 hour,,,,,,
2025-09-03T20:16:10,H200,8,1 day,2.1,,,,,
2025-09-03T20:16:10,H200,16,1 day,2.1,,,,,
2025-09-03T20:16:10,H200,32,1 day,2.1,,,,,
2025-09-03T20:16:10,H200,64,1 day,2.1,,,,,
2025-09-03T20:16:10,H200,128,1 day,,,,,,
2025-09-03T20:16:10,H200,256,1 day,,,,,,
2025-09-03T20:16:10,H200,8,1 week,2.1,,,,,
2025-09-03T20:16:10,H200,16,1 week,2.1,,,,,
2025-09-03T20:16:10,H200,32,1 week,2.1,,,,,
2025-09-03T20:16:10,H200,64,1 week,2.1,,,,,
2025-09-03T20:16:10,H200,128,1 week,,,,,,
2025-09-03T20:16:10,H200,256,1 week,,,,,,
2025-09-03T20:16:10,H200,8,1 month,2.1,,,,,
2025-09-03T20:16:10,H200,16,1 month,2.1,,,,,
2025-09-03T20:16:10,H200,32,1 month,2.1,,,,,
2025-09-03T20:16:10,H200,64,1 month,2.1,,,,,
2025-09-03T20:16:10,H200,128,1 month,,,,,,
2025-09-03T20:16:10,H200,256,1 month,,,,,,
2025-09-03T22:13:47,H100,8,1 hour,1.39,,,,,
2025-09-03T22:13:47,H100,16,1 hour,1.39,,,,,
2025-09-03T22:13:47,H100,32,1 hour,1.39,,,,,
2025-09-03T22:13:47,H100,64,1 hour,1.39,,,,,
2025-09-03T22:13:47,H100,128,1 hour,1.44,,,,,
2025-09-03T22:13:47,H100,256,1 hour,1.55,,,,,
2025-09-03T22:13:47,H100,8,1 day,1.4,,,,,
2025-09-03T22:13:47,H100,16,1 day,1.4,,,,,
2025-09-03T22:13:47,H100,32,1 day,1.4,,,,,
2025-09-03T22:13:47,H100,64,1 day,1.4,,,,,
2025-09-03T22:13:47,H100,128,1 day,1.4,,,,,
2025-09-03T22:13:47,H100,256,1 day,1.77,,,,,
2025-09-03T22:13:47,H100,8,1 week,1.4,,,,,
2025-09-03T22:13:47,H100,16,1 week,1.4,,,,,
2025-09-03T22:13:47,H100,32,1 week,1.4,,,,,
2025-09-03T22:13:47,H100,64,1 week,1.4,,,,,
2025-09-03T22:13:47,H100,128,1 week,1.4,,,,,
2025-09-03T22:13:47,H100,256,1 week,,,,,,
2025-09-03T22:13:47,H100,8,1 month,1.4,,,,,
2025-09-03T22:13:47,H100,16,1 month,1.4,,,,,
2025-09-03T22:13:47,H100,32,1 month,1.4,,,,,
2025-09-03T22:13:47,H100,64,1 month,1.4,,,,,
2025-09-03T22:13:47,H100,128,1 month,1.4,,,,,
2025-09-03T22:13:47,H100,256,1 month,,,,,,
2025-09-03T22:13:47,H200,8,1 hour,2.1,,,,,
2025-09-03T22:13:47,H200,16,1 hour,2.09,,,,,
2025-09-03T22:13:47,H200,32,1 hour,2.09,,,,,
2025-09-03T22:13:47,H200,64,1 hour,2.09,,,,,
2025-09-03T22:13:47,H200,128,1 hour,,,,,,
2025-09-03T22:13:47,H200,256,1 hour,,,,,,
2025-09-03T22:13:47,H200,8,1 day,2.1,,,,,
2025-09-03T22:13:47,H200,16,1 day,2.1,,,,,
2025-09-03T22:13:47,H200,32,1 day,2.1,,,,,
2025-09-03T22:13:47,H200,64,1 day,2.1,,,,,
2025-09-03T22:13:47,H200,128,1 day,,,,,,
2025-09-03T22:13:47,H200,256,1 day,,,,,,
2025-09-03T22:13:47,H200,8,1 week,2.1,,,,,
2025-09-03T22:13:47,H200,16,1 week,2.1,,,,,
2025-09-03T22:13:47,H200,32,1 week,2.1,,,,,
2025-09-03T22:13:47,H200,64,1 week,2.1,,,,,
2025-09-03T22:13:47,H200,128,1 week,,,,,,
2025-09-03T22:13:47,H200,256,1 week,,,,,,
2025-09-03T22:13:47,H200,8,1 month,2.1,,,,,
2025-09-03T22:13:47,H200,16,1 month,2.1,,,,,
2025-09-03T22:13:47,H200,32,1 month,2.1,,,,,
2025-09-03T22:13:47,H200,64,1 month,2.1,,,,,
2025-09-03T22:13:47,H200,128,1 month,,,,,,
2025-09-03T22:13:47,H200,256,1 month,,,,,,
2025-09-04T01:05:31,H100,8,1 hour,1.4,,,,,
2025-09-04T01:05:31,H100,16,1 hour,1.4,,,,,
2025-09-04T01:05:31,H100,32,1 hour,1.4,,,,,
2025-09-04T01:05:31,H100,64,1 hour,1.4,,,,,
2025-09-04T01:05:31,H100,128,1 hour,1.44,,,,,
2025-09-04T01:05:31,H100,256,1 hour,1.55,,,,,
2025-09-04T01:05:31,H100,8,1 day,1.4,,,,,
2025-09-04T01:05:31,H100,16,1 day,1.4,,,,,
2025-09-04T01:05:31,H100,32,1 day,1.4,,,,,
2025-09-04T01:05:31,H100,64,1 day,1.4,,,,,
2025-09-04T01:05:31,H100,128,1 day,1.4,,,,,
2025-09-04T01:05:31,H100,256,1 day,1.77,,,,,
2025-09-04T01:05:31,H100,8,1 week,1.4,,,,,
2025-09-04T01:05:31,H100,16,1 week,1.4,,,,,
2025-09-04T01:05:31,H100,32,1 week,1.4,,,,,
2025-09-04T01:05:31,H100,64,1 week,1.4,,,,,
2025-09-04T01:05:31,H100,128,1 week,1.4,,,,,
2025-09-04T01:05:31,H100,256,1 week,,,,,,
2025-09-04T01:05:31,H100,8,1 month,1.4,,,,,
2025-09-04T01:05:31,H100,16,1 month,1.4,,,,,
2025-09-04T01:05:31,H100,32,1 month,1.4,,,,,
2025-09-04T01:05:31,H100,64,1 month,1.4,,,,,
2025-09-04T01:05:31,H100,128,1 month,1.4,,,,,
2025-09-04T01:05:31,H100,256,1 month,,,,,,
2025-09-04T01:05:31,H200,8,1 hour,2.1,,,,,
2025-09-04T01:05:31,H200,16,1 hour,2.09,,,,,
2025-09-04T01:05:31,H200,32,1 hour,2.09,,,,,
2025-09-04T01:05:31,H200,64,1 hour,2.09,,,,,
2025-09-04T01:05:31,H200,128,1 hour,,,,,,
2025-09-04T01:05:31,H200,256,1 hour,,,,,,
2025-09-04T01:05:31,H200,8,1 day,2.1,,,,,
2025-09-04T01:05:31,H200,16,1 day,2.1,,,,,
2025-09-04T01:05:31,H200,32,1 day,2.1,,,,,
2025-09-04T01:05:31,H200,64,1 day,2.1,,,,,
2025-09-04T01:05:31,H200,128,1 day,,,,,,
2025-09-04T01:05:31,H200,256,1 day,,,,,,
2025-09-04T01:05:31,H200,8,1 week,2.1,,,,,
2025-09-04T01:05:31,H200,16,1 week,2.1,,,,,
2025-09-04T01:05:31,H200,32,1 week,2.1,,,,,
2025-09-04T01:05:31,H200,64,1 week,2.1,,,,,
2025-09-04T01:05:31,H200,128,1 week,,,,,,
2025-09-04T01:05:31,H200,256,1 week,,,,,,
2025-09-04T01:05:31,H200,8,1 month,2.1,,,,,
2025-09-04T01:05:31,H200,16,1 month,2.1,,,,,
2025-09-04T01:05:31,H200,32,1 month,2.1,,,,,
2025-09-04T01:05:31,H200,64,1 month,2.1,,,,,
2025-09-04T01:05:31,H200,128,1 month,,,,,,
2025-09-04T01:05:31,H200,256,1 month,,,,,,
2025-09-04T02:52:54,H100,8,1 hour,1.4,,,,,
2025-09-04T02:52:54,H100,16,1 hour,1.4,,,,,
2025-09-04T02:52:54,H100,32,1 hour,1.4,,,,,
2025-09-04T02:52:54,H100,64,1 hour,1.4,,,,,
2025-09-04T02:52:54,H100,128,1 hour,1.44,,,,,
2025-09-04T02:52:54,H100,256,1 hour,1.55,,,,,
2025-09-04T02:52:54,H100,8,1 day,1.4,,,,,
2025-09-04T02:52:54,H100,16,1 day,1.4,,,,,
2025-09-04T02:52:54,H100,32,1 day,1.4,,,,,
2025-09-04T02:52:54,H100,64,1 day,1.4,,,,,
2025-09-04T02:52:54,H100,128,1 day,1.4,,,,,
2025-09-04T02:52:54,H100,256,1 day,1.77,,,,,
2025-09-04T02:52:54,H100,8,1 week,1.4,,,,,
2025-09-04T02:52:54,H100,16,1 week,1.4,,,,,
2025-09-04T02:52:54,H100,32,1 week,1.4,,,,,
2025-09-04T02:52:54,H100,64,1 week,1.4,,,,,
2025-09-04T02:52:54,H100,128,1 week,1.4,,,,,
2025-09-04T02:52:54,H100,256,1 week,,,,,,
2025-09-04T02:52:54,H100,8,1 month,1.4,,,,,
2025-09-04T02:52:54,H100,16,1 month,1.4,,,,,
2025-09-04T02:52:54,H100,32,1 month,1.4,,,,,
2025-09-04T02:52:54,H100,64,1 month,1.4,,,,,
2025-09-04T02:52:54,H100,128,1 month,1.4,,,,,
2025-09-04T02:52:54,H100,256,1 month,,,,,,
2025-09-04T02:52:54,H200,8,1 hour,2.1,,,,,
2025-09-04T02:52:54,H200,16,1 hour,2.09,,,,,
2025-09-04T02:52:54,H200,32,1 hour,2.09,,,,,
2025-09-04T02:52:54,H200,64,1 hour,2.09,,,,,
2025-09-04T02:52:54,H200,128,1 hour,,,,,,
2025-09-04T02:52:54,H200,256,1 hour,,,,,,
2025-09-04T02:52:54,H200,8,1 day,2.1,,,,,
2025-09-04T02:52:54,H200,16,1 day,2.1,,,,,
2025-09-04T02:52:54,H200,32,1 day,2.1,,,,,
2025-09-04T02:52:54,H200,64,1 day,2.1,,,,,
2025-09-04T02:52:54,H200,128,1 day,,,,,,
2025-09-04T02:52:54,H200,256,1 day,,,,,,
2025-09-04T02:52:54,H200,8,1 week,2.1,,,,,
2025-09-04T02:52:54,H200,16,1 week,2.1,,,,,
2025-09-04T02:52:54,H200,32,1 week,2.1,,,,,
2025-09-04T02:52:54,H200,64,1 week,2.1,,,,,
2025-09-04T02:52:54,H200,128,1 week,,,,,,
2025-09-04T02:52:54,H200,256,1 week,,,,,,
2025-09-04T02:52:54,H200,8,1 month,2.1,,,,,
2025-09-04T02:52:54,H200,16,1 month,2.1,,,,,
2025-09-04T02:52:54,H200,32,1 month,2.1,,,,,
2025-09-04T02:52:54,H200,64,1 month,2.1,,,,,
2025-09-04T02:52:54,H200,128,1 month,,,,,,
2025-09-04T02:52:54,H200,256,1 month,,,,,,
2025-09-04T04:17:33,H100,8,1 hour,1.39,,,,,
2025-09-04T04:17:33,H100,16,1 hour,1.39,,,,,
2025-09-04T04:17:33,H100,32,1 hour,1.39,,,,,
2025-09-04T04:17:33,H100,64,1 hour,1.39,,,,,
2025-09-04T04:17:33,H100,128,1 hour,1.44,,,,,
2025-09-04T04:17:33,H100,256,1 hour,1.55,,,,,
2025-09-04T04:17:33,H100,8,1 day,1.4,,,,,
2025-09-04T04:17:33,H100,16,1 day,1.4,,,,,
2025-09-04T04:17:33,H100,32,1 day,1.4,,,,,
2025-09-04T04:17:33,H100,64,1 day,1.4,,,,,
2025-09-04T04:17:33,H100,128,1 day,1.4,,,,,
2025-09-04T04:17:33,H100,256,1 day,1.77,,,,,
2025-09-04T04:17:33,H100,8,1 week,1.4,,,,,
2025-09-04T04:17:33,H100,16,1 week,1.4,,,,,
2025-09-04T04:17:33,H100,32,1 week,1.4,,,,,
2025-09-04T04:17:33,H100,64,1 week,1.4,,,,,
2025-09-04T04:17:33,H100,128,1 week,1.4,,,,,
2025-09-04T04:17:33,H100,256,1 week,,,,,,
2025-09-04T04:17:33,H100,8,1 month,1.4,,,,,
2025-09-04T04:17:33,H100,16,1 month,1.4,,,,,
2025-09-04T04:17:33,H100,32,1 month,1.4,,,,,
2025-09-04T04:17:33,H100,64,1 month,1.4,,,,,
2025-09-04T04:17:33,H100,128,1 month,1.4,,,,,
2025-09-04T04:17:33,H100,256,1 month,,,,,,
2025-09-04T04:17:33,H200,8,1 hour,2.1,,,,,
2025-09-04T04:17:33,H200,16,1 hour,2.09,,,,,
2025-09-04T04:17:33,H200,32,1 hour,2.09,,,,,
2025-09-04T04:17:33,H200,64,1 hour,2.09,,,,,
2025-09-04T04:17:33,H200,128,1 hour,,,,,,
2025-09-04T04:17:33,H200,256,1 hour,,,,,,
2025-09-04T04:17:33,H200,8,1 day,2.1,,,,,
2025-09-04T04:17:33,H200,16,1 day,2.1,,,,,
2025-09-04T04:17:33,H200,32,1 day,2.1,,,,,
2025-09-04T04:17:33,H200,64,1 day,2.1,,,,,
2025-09-04T04:17:33,H200,128,1 day,,,,,,
2025-09-04T04:17:33,H200,256,1 day,,,,,,
2025-09-04T04:17:33,H200,8,1 week,2.1,,,,,
2025-09-04T04:17:33,H200,16,1 week,2.1,,,,,
2025-09-04T04:17:33,H200,32,1 week,2.1,,,,,
2025-09-04T04:17:33,H200,64,1 week,2.1,,,,,
2025-09-04T04:17:33,H200,128,1 week,,,,,,
2025-09-04T04:17:33,H200,256,1 week,,,,,,
2025-09-04T04:17:33,H200,8,1 month,2.1,,,,,
2025-09-04T04:17:33,H200,16,1 month,2.1,,,,,
2025-09-04T04:17:33,H200,32,1 month,2.1,,,,,
2025-09-04T04:17:33,H200,64,1 month,2.1,,,,,
2025-09-04T04:17:33,H200,128,1 month,,,,,,
2025-09-04T04:17:33,H200,256,1 month,,,,,,
2025-09-04T06:21:57,H100,8,1 hour,1.39,,,,,
2025-09-04T06:21:57,H100,16,1 hour,1.39,,,,,
2025-09-04T06:21:57,H100,32,1 hour,1.39,,,,,
2025-09-04T06:21:57,H100,64,1 hour,1.39,,,,,
2025-09-04T06:21:57,H100,128,1 hour,1.44,,,,,
2025-09-04T06:21:57,H100,256,1 hour,1.55,,,,,
2025-09-04T06:21:57,H100,8,1 day,1.4,,,,,
2025-09-04T06:21:57,H100,16,1 day,1.4,,,,,
2025-09-04T06:21:57,H100,32,1 day,1.4,,,,,
2025-09-04T06:21:57,H100,64,1 day,1.4,,,,,
2025-09-04T06:21:57,H100,128,1 day,1.4,,,,,
2025-09-04T06:21:57,H100,256,1 day,1.77,,,,,
2025-09-04T06:21:57,H100,8,1 week,1.4,,,,,
2025-09-04T06:21:57,H100,16,1 week,1.4,,,,,
2025-09-04T06:21:57,H100,32,1 week,1.4,,,,,
2025-09-04T06:21:57,H100,64,1 week,1.4,,,,,
2025-09-04T06:21:57,H100,128,1 week,1.4,,,,,
2025-09-04T06:21:57,H100,256,1 week,,,,,,
2025-09-04T06:21:57,H100,8,1 month,1.4,,,,,
2025-09-04T06:21:57,H100,16,1 month,1.4,,,,,
2025-09-04T06:21:57,H100,32,1 month,1.4,,,,,
2025-09-04T06:21:57,H100,64,1 month,1.4,,,,,
2025-09-04T06:21:57,H100,128,1 month,1.4,,,,,
2025-09-04T06:21:57,H100,256,1 month,,,,,,
2025-09-04T06:21:57,H200,8,1 hour,2.1,,,,,
2025-09-04T06:21:57,H200,16,1 hour,2.09,,,,,
2025-09-04T06:21:57,H200,32,1 hour,2.09,,,,,
2025-09-04T06:21:57,H200,64,1 hour,2.09,,,,,
2025-09-04T06:21:57,H200,128,1 hour,,,,,,
2025-09-04T06:21:57,H200,256,1 hour,,,,,,
2025-09-04T06:21:57,H200,8,1 day,2.1,,,,,
2025-09-04T06:21:57,H200,16,1 day,2.1,,,,,
2025-09-04T06:21:57,H200,32,1 day,2.1,,,,,
2025-09-04T06:21:57,H200,64,1 day,2.1,,,,,
2025-09-04T06:21:57,H200,128,1 day,,,,,,
2025-09-04T06:21:57,H200,256,1 day,,,,,,
2025-09-04T06:21:57,H200,8,1 week,2.1,,,,,
2025-09-04T06:21:57,H200,16,1 week,2.1,,,,,
2025-09-04T06:21:57,H200,32,1 week,2.1,,,,,
2025-09-04T06:21:57,H200,64,1 week,2.1,,,,,
2025-09-04T06:21:57,H200,128,1 week,,,,,,
2025-09-04T06:21:57,H200,256,1 week,,,,,,
2025-09-04T06:21:57,H200,8,1 month,2.1,,,,,
2025-09-04T06:21:57,H200,16,1 month,2.1,,,,,
2025-09-04T06:21:57,H200,32,1 month,2.1,,,,,
2025-09-04T06:21:57,H200,64,1 month,2.1,,,,,
2025-09-04T06:21:57,H200,128,1 month,,,,,,
2025-09-04T06:21:57,H200,256,1 month,,,,,,
2025-09-04T09:10:18,H100,8,1 hour,1.4,,,,,
2025-09-04T09:10:18,H100,16,1 hour,1.4,,,,,
2025-09-04T09:10:18,H100,32,1 hour,1.4,,,,,
2025-09-04T09:10:18,H100,64,1 hour,1.4,,,,,
2025-09-04T09:10:18,H100,128,1 hour,1.44,,,,,
2025-09-04T09:10:18,H100,256,1 hour,1.55,,,,,
2025-09-04T09:10:18,H100,8,1 day,1.4,,,,,
2025-09-04T09:10:18,H100,16,1 day,1.4,,,,,
2025-09-04T09:10:18,H100,32,1 day,1.4,,,,,
2025-09-04T09:10:18,H100,64,1 day,1.4,,,,,
2025-09-04T09:10:18,H100,128,1 day,1.4,,,,,
2025-09-04T09:10:18,H100,256,1 day,1.77,,,,,
2025-09-04T09:10:18,H100,8,1 week,1.4,,,,,
2025-09-04T09:10:18,H100,16,1 week,1.4,,,,,
2025-09-04T09:10:18,H100,32,1 week,1.4,,,,,
2025-09-04T09:10:18,H100,64,1 week,1.4,,,,,
2025-09-04T09:10:18,H100,128,1 week,1.4,,,,,
2025-09-04T09:10:18,H100,256,1 week,,,,,,
2025-09-04T09:10:18,H100,8,1 month,1.4,,,,,
2025-09-04T09:10:18,H100,16,1 month,1.4,,,,,
2025-09-04T09:10:18,H100,32,1 month,1.4,,,,,
2025-09-04T09:10:18,H100,64,1 month,1.4,,,,,
2025-09-04T09:10:18,H100,128,1 month,1.4,,,,,
2025-09-04T09:10:18,H100,256,1 month,,,,,,
2025-09-04T09:10:18,H200,8,1 hour,2.1,,,,,
2025-09-04T09:10:18,H200,16,1 hour,2.09,,,,,
2025-09-04T09:10:18,H200,32,1 hour,2.09,,,,,
2025-09-04T09:10:18,H200,64,1 hour,2.09,,,,,
2025-09-04T09:10:18,H200,128,1 hour,,,,,,
2025-09-04T09:10:18,H200,256,1 hour,,,,,,
2025-09-04T09:10:18,H200,8,1 day,2.1,,,,,
2025-09-04T09:10:18,H200,16,1 day,2.1,,,,,
2025-09-04T09:10:18,H200,32,1 day,2.1,,,,,
2025-09-04T09:10:18,H200,64,1 day,2.1,,,,,
2025-09-04T09:10:18,H200,128,1 day,,,,,,
2025-09-04T09:10:18,H200,256,1 day,,,,,,
2025-09-04T09:10:18,H200,8,1 week,2.1,,,,,
2025-09-04T09:10:18,H200,16,1 week,2.1,,,,,
2025-09-04T09:10:18,H200,32,1 week,2.1,,,,,
2025-09-04T09:10:18,H200,64,1 week,2.1,,,,,
2025-09-04T09:10:18,H200,128,1 week,,,,,,
2025-09-04T09:10:18,H200,256,1 week,,,,,,
2025-09-04T09:10:18,H200,8,1 month,2.1,,,,,
2025-09-04T09:10:18,H200,16,1 month,2.1,,,,,
2025-09-04T09:10:18,H200,32,1 month,2.1,,,,,
2025-09-04T09:10:18,H200,64,1 month,2.1,,,,,
2025-09-04T09:10:18,H200,128,1 month,,,,,,
2025-09-04T09:10:18,H200,256,1 month,,,,,,
2025-09-04T10:15:35,H100,8,1 hour,1.4,,,,,
2025-09-04T10:15:35,H100,16,1 hour,1.4,,,,,
2025-09-04T10:15:35,H100,32,1 hour,1.4,,,,,
2025-09-04T10:15:35,H100,64,1 hour,1.4,,,,,
2025-09-04T10:15:35,H100,128,1 hour,1.44,,,,,
2025-09-04T10:15:35,H100,256,1 hour,1.55,,,,,
2025-09-04T10:15:35,H100,8,1 day,1.4,,,,,
2025-09-04T10:15:35,H100,16,1 day,1.4,,,,,
2025-09-04T10:15:35,H100,32,1 day,1.4,,,,,
2025-09-04T10:15:35,H100,64,1 day,1.4,,,,,
2025-09-04T10:15:35,H100,128,1 day,1.4,,,,,
2025-09-04T10:15:35,H100,256,1 day,1.77,,,,,
2025-09-04T10:15:35,H100,8,1 week,1.4,,,,,
2025-09-04T10:15:35,H100,16,1 week,1.4,,,,,
2025-09-04T10:15:35,H100,32,1 week,1.4,,,,,
2025-09-04T10:15:35,H100,64,1 week,1.4,,,,,
2025-09-04T10:15:35,H100,128,1 week,1.4,,,,,
2025-09-04T10:15:35,H100,256,1 week,,,,,,
2025-09-04T10:15:35,H100,8,1 month,1.4,,,,,
2025-09-04T10:15:35,H100,16,1 month,1.4,,,,,
2025-09-04T10:15:35,H100,32,1 month,1.4,,,,,
2025-09-04T10:15:35,H100,64,1 month,1.4,,,,,
2025-09-04T10:15:35,H100,128,1 month,1.4,,,,,
2025-09-04T10:15:35,H100,256,1 month,,,,,,
2025-09-04T10:15:35,H200,8,1 hour,2.1,,,,,
2025-09-04T10:15:35,H200,16,1 hour,2.09,,,,,
2025-09-04T10:15:35,H200,32,1 hour,2.09,,,,,
2025-09-04T10:15:35,H200,64,1 hour,2.09,,,,,
2025-09-04T10:15:35,H200,128,1 hour,,,,,,
2025-09-04T10:15:35,H200,256,1 hour,,,,,,
2025-09-04T10:15:35,H200,8,1 day,2.1,,,,,
2025-09-04T10:15:35,H200,16,1 day,2.1,,,,,
2025-09-04T10:15:35,H200,32,1 day,2.1,,,,,
2025-09-04T10:15:35,H200,64,1 day,2.1,,,,,
2025-09-04T10:15:35,H200,128,1 day,,,,,,
2025-09-04T10:15:35,H200,256,1 day,,,,,,
2025-09-04T10:15:35,H200,8,1 week,2.1,,,,,
2025-09-04T10:15:35,H200,16,1 week,2.1,,,,,
2025-09-04T10:15:35,H200,32,1 week,2.1,,,,,
2025-09-04T10:15:35,H200,64,1 week,2.1,,,,,
2025-09-04T10:15:35,H200,128,1 week,,,,,,
2025-09-04T10:15:35,H200,256,1 week,,,,,,
2025-09-04T10:15:35,H200,8,1 month,2.1,,,,,
2025-09-04T10:15:35,H200,16,1 month,2.1,,,,,
2025-09-04T10:15:35,H200,32,1 month,2.1,,,,,
2025-09-04T10:15:35,H200,64,1 month,2.1,,,,,
2025-09-04T10:15:35,H200,128,1 month,,,,,,
2025-09-04T10:15:35,H200,256,1 month,,,,,,
2025-09-04T12:30:02,H100,8,1 hour,1.39,,,,,
2025-09-04T12:30:02,H100,16,1 hour,1.39,,,,,
2025-09-04T12:30:02,H100,32,1 hour,1.39,,,,,
2025-09-04T12:30:02,H100,64,1 hour,1.39,,,,,
2025-09-04T12:30:02,H100,128,1 hour,1.44,,,,,
2025-09-04T12:30:02,H100,256,1 hour,1.55,,,,,
2025-09-04T12:30:02,H100,8,1 day,1.4,,,,,
2025-09-04T12:30:02,H100,16,1 day,1.4,,,,,
2025-09-04T12:30:02,H100,32,1 day,1.4,,,,,
2025-09-04T12:30:02,H100,64,1 day,1.4,,,,,
2025-09-04T12:30:02,H100,128,1 day,1.4,,,,,
2025-09-04T12:30:02,H100,256,1 day,1.77,,,,,
2025-09-04T12:30:02,H100,8,1 week,1.4,,,,,
2025-09-04T12:30:02,H100,16,1 week,1.4,,,,,
2025-09-04T12:30:02,H100,32,1 week,1.4,,,,,
2025-09-04T12:30:02,H100,64,1 week,1.4,,,,,
2025-09-04T12:30:02,H100,128,1 week,1.4,,,,,
2025-09-04T12:30:02,H100,256,1 week,,,,,,
2025-09-04T12:30:02,H100,8,1 month,1.4,,,,,
2025-09-04T12:30:02,H100,16,1 month,1.4,,,,,
2025-09-04T12:30:02,H100,32,1 month,1.4,,,,,
2025-09-04T12:30:02,H100,64,1 month,1.4,,,,,
2025-09-04T12:30:02,H100,128,1 month,1.4,,,,,
2025-09-04T12:30:02,H100,256,1 month,,,,,,
2025-09-04T12:30:02,H200,8,1 hour,2.1,,,,,
2025-09-04T12:30:02,H200,16,1 hour,2.09,,,,,
2025-09-04T12:30:02,H200,32,1 hour,2.09,,,,,
2025-09-04T12:30:02,H200,64,1 hour,2.09,,,,,
2025-09-04T12:30:02,H200,128,1 hour,,,,,,
2025-09-04T12:30:02,H200,256,1 hour,,,,,,
2025-09-04T12:30:02,H200,8,1 day,2.1,,,,,
2025-09-04T12:30:02,H200,16,1 day,2.1,,,,,
2025-09-04T12:30:02,H200,32,1 day,2.1,,,,,
2025-09-04T12:30:02,H200,64,1 day,2.1,,,,,
2025-09-04T12:30:02,H200,128,1 day,,,,,,
2025-09-04T12:30:02,H200,256,1 day,,,,,,
2025-09-04T12:30:02,H200,8,1 week,2.1,,,,,
2025-09-04T12:30:02,H200,16,1 week,2.1,,,,,
2025-09-04T12:30:02,H200,32,1 week,2.1,,,,,
2025-09-04T12:30:02,H200,64,1 week,2.1,,,,,
2025-09-04T12:30:02,H200,128,1 week,,,,,,
2025-09-04T12:30:02,H200,256,1 week,,,,,,
2025-09-04T12:30:02,H200,8,1 month,2.1,,,,,
2025-09-04T12:30:02,H200,16,1 month,2.1,,,,,
2025-09-04T12:30:02,H200,32,1 month,2.1,,,,,
2025-09-04T12:30:02,H200,64,1 month,2.1,,,,,
2025-09-04T12:30:02,H200,128,1 month,,,,,,
2025-09-04T12:30:02,H200,256,1 month,,,,,,
2025-09-04T14:14:59,H100,8,1 hour,1.4,,,,,
2025-09-04T14:14:59,H100,16,1 hour,1.4,,,,,
2025-09-04T14:14:59,H100,32,1 hour,1.4,,,,,
2025-09-04T14:14:59,H100,64,1 hour,1.4,,,,,
2025-09-04T14:14:59,H100,128,1 hour,1.44,,,,,
2025-09-04T14:14:59,H100,256,1 hour,1.55,,,,,
2025-09-04T14:14:59,H100,8,1 day,1.4,,,,,
2025-09-04T14:14:59,H100,16,1 day,1.4,,,,,
2025-09-04T14:14:59,H100,32,1 day,1.4,,,,,
2025-09-04T14:14:59,H100,64,1 day,1.4,,,,,
2025-09-04T14:14:59,H100,128,1 day,1.4,,,,,
2025-09-04T14:14:59,H100,256,1 day,1.77,,,,,
2025-09-04T14:14:59,H100,8,1 week,1.4,,,,,
2025-09-04T14:14:59,H100,16,1 week,1.4,,,,,
2025-09-04T14:14:59,H100,32,1 week,1.4,,,,,
2025-09-04T14:14:59,H100,64,1 week,1.4,,,,,
2025-09-04T14:14:59,H100,128,1 week,1.4,,,,,
2025-09-04T14:14:59,H100,256,1 week,,,,,,
2025-09-04T14:14:59,H100,8,1 month,1.4,,,,,
2025-09-04T14:14:59,H100,16,1 month,1.4,,,,,
2025-09-04T14:14:59,H100,32,1 month,1.4,,,,,
2025-09-04T14:14:59,H100,64,1 month,1.4,,,,,
2025-09-04T14:14:59,H100,128,1 month,1.4,,,,,
2025-09-04T14:14:59,H100,256,1 month,,,,,,
2025-09-04T14:14:59,H200,8,1 hour,2.1,,,,,
2025-09-04T14:14:59,H200,16,1 hour,2.09,,,,,
2025-09-04T14:14:59,H200,32,1 hour,2.09,,,,,
2025-09-04T14:14:59,H200,64,1 hour,2.09,,,,,
2025-09-04T14:14:59,H200,128,1 hour,,,,,,
2025-09-04T14:14:59,H200,256,1 hour,,,,,,
2025-09-04T14:14:59,H200,8,1 day,2.1,,,,,
2025-09-04T14:14:59,H200,16,1 day,2.1,,,,,
2025-09-04T14:14:59,H200,32,1 day,2.1,,,,,
2025-09-04T14:14:59,H200,64,1 day,2.1,,,,,
2025-09-04T14:14:59,H200,128,1 day,,,,,,
2025-09-04T14:14:59,H200,256,1 day,,,,,,
2025-09-04T14:14:59,H200,8,1 week,2.1,,,,,
2025-09-04T14:14:59,H200,16,1 week,2.1,,,,,
2025-09-04T14:14:59,H200,32,1 week,2.1,,,,,
2025-09-04T14:14:59,H200,64,1 week,2.1,,,,,
2025-09-04T14:14:59,H200,128,1 week,,,,,,
2025-09-04T14:14:59,H200,256,1 week,,,,,,
2025-09-04T14:14:59,H200,8,1 month,2.1,,,,,
2025-09-04T14:14:59,H200,16,1 month,2.1,,,,,
2025-09-04T14:14:59,H200,32,1 month,2.1,,,,,
2025-09-04T14:14:59,H200,64,1 month,2.1,,,,,
2025-09-04T14:14:59,H200,128,1 month,,,,,,
2025-09-04T14:14:59,H200,256,1 month,,,,,,
2025-09-04T16:18:46,H100,8,1 hour,1.4,,,,,
2025-09-04T16:18:46,H100,16,1 hour,1.4,,,,,
2025-09-04T16:18:46,H100,32,1 hour,1.4,,,,,
2025-09-04T16:18:46,H100,64,1 hour,1.4,,,,,
2025-09-04T16:18:46,H100,128,1 hour,1.44,,,,,
2025-09-04T16:18:46,H100,256,1 hour,1.55,,,,,
2025-09-04T16:18:46,H100,8,1 day,1.4,,,,,
2025-09-04T16:18:46,H100,16,1 day,1.4,,,,,
2025-09-04T16:18:46,H100,32,1 day,1.4,,,,,
2025-09-04T16:18:46,H100,64,1 day,1.4,,,,,
2025-09-04T16:18:46,H100,128,1 day,1.4,,,,,
2025-09-04T16:18:46,H100,256,1 day,1.77,,,,,
2025-09-04T16:18:46,H100,8,1 week,1.4,,,,,
2025-09-04T16:18:46,H100,16,1 week,1.4,,,,,
2025-09-04T16:18:46,H100,32,1 week,1.4,,,,,
2025-09-04T16:18:46,H100,64,1 week,1.4,,,,,
2025-09-04T16:18:46,H100,128,1 week,1.4,,,,,
2025-09-04T16:18:46,H100,256,1 week,,,,,,
2025-09-04T16:18:46,H100,8,1 month,1.4,,,,,
2025-09-04T16:18:46,H100,16,1 month,1.4,,,,,
2025-09-04T16:18:46,H100,32,1 month,1.4,,,,,
2025-09-04T16:18:46,H100,64,1 month,1.4,,,,,
2025-09-04T16:18:46,H100,128,1 month,1.4,,,,,
2025-09-04T16:18:46,H100,256,1 month,,,,,,
2025-09-04T16:18:46,H200,8,1 hour,2.1,,,,,
2025-09-04T16:18:46,H200,16,1 hour,2.09,,,,,
2025-09-04T16:18:46,H200,32,1 hour,2.09,,,,,
2025-09-04T16:18:46,H200,64,1 hour,2.09,,,,,
2025-09-04T16:18:46,H200,128,1 hour,,,,,,
2025-09-04T16:18:46,H200,256,1 hour,,,,,,
2025-09-04T16:18:46,H200,8,1 day,2.1,,,,,
2025-09-04T16:18:46,H200,16,1 day,2.1,,,,,
2025-09-04T16:18:46,H200,32,1 day,2.1,,,,,
2025-09-04T16:18:46,H200,64,1 day,2.1,,,,,
2025-09-04T16:18:46,H200,128,1 day,,,,,,
2025-09-04T16:18:46,H200,256,1 day,,,,,,
2025-09-04T16:18:46,H200,8,1 week,2.1,,,,,
2025-09-04T16:18:46,H200,16,1 week,2.1,,,,,
2025-09-04T16:18:46,H200,32,1 week,2.1,,,,,
2025-09-04T16:18:46,H200,64,1 week,2.1,,,,,
2025-09-04T16:18:46,H200,128,1 week,,,,,,
2025-09-04T16:18:46,H200,256,1 week,,,,,,
2025-09-04T16:18:46,H200,8,1 month,2.1,,,,,
2025-09-04T16:18:46,H200,16,1 month,2.1,,,,,
2025-09-04T16:18:46,H200,32,1 month,2.1,,,,,
2025-09-04T16:18:46,H200,64,1 month,2.1,,,,,
2025-09-04T16:18:46,H200,128,1 month,,,,,,
2025-09-04T16:18:46,H200,256,1 month,,,,,,
2025-09-04T18:20:51,H100,8,1 hour,1.39,,,,,
2025-09-04T18:20:51,H100,16,1 hour,1.39,,,,,
2025-09-04T18:20:51,H100,32,1 hour,1.39,,,,,
2025-09-04T18:20:51,H100,64,1 hour,1.39,,,,,
2025-09-04T18:20:51,H100,128,1 hour,1.44,,,,,
2025-09-04T18:20:51,H100,256,1 hour,1.55,,,,,
2025-09-04T18:20:51,H100,8,1 day,1.4,,,,,
2025-09-04T18:20:51,H100,16,1 day,1.4,,,,,
2025-09-04T18:20:51,H100,32,1 day,1.4,,,,,
2025-09-04T18:20:51,H100,64,1 day,1.4,,,,,
2025-09-04T18:20:51,H100,128,1 day,1.4,,,,,
2025-09-04T18:20:51,H100,256,1 day,1.77,,,,,
2025-09-04T18:20:51,H100,8,1 week,1.4,,,,,
2025-09-04T18:20:51,H100,16,1 week,1.4,,,,,
2025-09-04T18:20:51,H100,32,1 week,1.4,,,,,
2025-09-04T18:20:51,H100,64,1 week,1.4,,,,,
2025-09-04T18:20:51,H100,128,1 week,1.4,,,,,
2025-09-04T18:20:51,H100,256,1 week,,,,,,
2025-09-04T18:20:51,H100,8,1 month,1.4,,,,,
2025-09-04T18:20:51,H100,16,1 month,1.4,,,,,
2025-09-04T18:20:51,H100,32,1 month,1.4,,,,,
2025-09-04T18:20:51,H100,64,1 month,1.4,,,,,
2025-09-04T18:20:51,H100,128,1 month,1.4,,,,,
2025-09-04T18:20:51,H100,256,1 month,,,,,,
2025-09-04T18:20:51,H200,8,1 hour,2.1,,,,,
2025-09-04T18:20:51,H200,16,1 hour,2.09,,,,,
2025-09-04T18:20:51,H200,32,1 hour,2.09,,,,,
2025-09-04T18:20:51,H200,64,1 hour,2.09,,,,,
2025-09-04T18:20:51,H200,128,1 hour,,,,,,
2025-09-04T18:20:51,H200,256,1 hour,,,,,,
2025-09-04T18:20:51,H200,8,1 day,2.1,,,,,
2025-09-04T18:20:51,H200,16,1 day,2.1,,,,,
2025-09-04T18:20:51,H200,32,1 day,2.1,,,,,
2025-09-04T18:20:51,H200,64,1 day,2.1,,,,,
2025-09-04T18:20:51,H200,128,1 day,,,,,,
2025-09-04T18:20:51,H200,256,1 day,,,,,,
2025-09-04T18:20:51,H200,8,1 week,2.1,,,,,
2025-09-04T18:20:51,H200,16,1 week,2.1,,,,,
2025-09-04T18:20:51,H200,32,1 week,2.1,,,,,
2025-09-04T18:20:51,H200,64,1 week,2.1,,,,,
2025-09-04T18:20:51,H200,128,1 week,,,,,,
2025-09-04T18:20:51,H200,256,1 week,,,,,,
2025-09-04T18:20:51,H200,8,1 month,2.1,,,,,
2025-09-04T18:20:51,H200,16,1 month,2.1,,,,,
2025-09-04T18:20:51,H200,32,1 month,2.1,,,,,
2025-09-04T18:20:51,H200,64,1 month,2.1,,,,,
2025-09-04T18:20:51,H200,128,1 month,,,,,,
2025-09-04T18:20:51,H200,256,1 month,,,,,,
2025-09-04T20:16:45,H100,8,1 hour,1.4,,,,,
2025-09-04T20:16:45,H100,16,1 hour,1.4,,,,,
2025-09-04T20:16:45,H100,32,1 hour,1.39,,,,,
2025-09-04T20:16:45,H100,64,1 hour,1.4,,,,,
2025-09-04T20:16:45,H100,128,1 hour,1.44,,,,,
2025-09-04T20:16:45,H100,256,1 hour,1.55,,,,,
2025-09-04T20:16:45,H100,8,1 day,1.4,,,,,
2025-09-04T20:16:45,H100,16,1 day,1.4,,,,,
2025-09-04T20:16:45,H100,32,1 day,1.4,,,,,
2025-09-04T20:16:45,H100,64,1 day,1.4,,,,,
2025-09-04T20:16:45,H100,128,1 day,1.4,,,,,
2025-09-04T20:16:45,H100,256,1 day,1.77,,,,,
2025-09-04T20:16:45,H100,8,1 week,1.4,,,,,
2025-09-04T20:16:45,H100,16,1 week,1.4,,,,,
2025-09-04T20:16:45,H100,32,1 week,1.4,,,,,
2025-09-04T20:16:45,H100,64,1 week,1.4,,,,,
2025-09-04T20:16:45,H100,128,1 week,1.4,,,,,
2025-09-04T20:16:45,H100,256,1 week,,,,,,
2025-09-04T20:16:45,H100,8,1 month,1.4,,,,,
2025-09-04T20:16:45,H100,16,1 month,1.4,,,,,
2025-09-04T20:16:45,H100,32,1 month,1.4,,,,,
2025-09-04T20:16:45,H100,64,1 month,1.4,,,,,
2025-09-04T20:16:45,H100,128,1 month,1.4,,,,,
2025-09-04T20:16:45,H100,256,1 month,,,,,,
2025-09-04T20:16:45,H200,8,1 hour,2.1,,,,,
2025-09-04T20:16:45,H200,16,1 hour,2.09,,,,,
2025-09-04T20:16:45,H200,32,1 hour,2.09,,,,,
2025-09-04T20:16:45,H200,64,1 hour,2.09,,,,,
2025-09-04T20:16:45,H200,128,1 hour,,,,,,
2025-09-04T20:16:45,H200,256,1 hour,,,,,,
2025-09-04T20:16:45,H200,8,1 day,2.1,,,,,
2025-09-04T20:16:45,H200,16,1 day,2.1,,,,,
2025-09-04T20:16:45,H200,32,1 day,2.1,,,,,
2025-09-04T20:16:45,H200,64,1 day,2.1,,,,,
2025-09-04T20:16:45,H200,128,1 day,,,,,,
2025-09-04T20:16:45,H200,256,1 day,,,,,,
2025-09-04T20:16:45,H200,8,1 week,2.1,,,,,
2025-09-04T20:16:45,H200,16,1 week,2.1,,,,,
2025-09-04T20:16:45,H200,32,1 week,2.1,,,,,
2025-09-04T20:16:45,H200,64,1 week,2.1,,,,,
2025-09-04T20:16:45,H200,128,1 week,,,,,,
2025-09-04T20:16:45,H200,256,1 week,,,,,,
2025-09-04T20:16:45,H200,8,1 month,2.1,,,,,
2025-09-04T20:16:45,H200,16,1 month,2.1,,,,,
2025-09-04T20:16:45,H200,32,1 month,2.1,,,,,
2025-09-04T20:16:45,H200,64,1 month,2.1,,,,,
2025-09-04T20:16:45,H200,128,1 month,,,,,,
2025-09-04T20:16:45,H200,256,1 month,,,,,,
2025-09-04T22:14:33,H100,8,1 hour,1.39,,,,,
2025-09-04T22:14:33,H100,16,1 hour,1.39,,,,,
2025-09-04T22:14:33,H100,32,1 hour,1.39,,,,,
2025-09-04T22:14:33,H100,64,1 hour,1.4,,,,,
2025-09-04T22:14:33,H100,128,1 hour,1.44,,,,,
2025-09-04T22:14:33,H100,256,1 hour,1.55,,,,,
2025-09-04T22:14:33,H100,8,1 day,1.4,,,,,
2025-09-04T22:14:33,H100,16,1 day,1.4,,,,,
2025-09-04T22:14:33,H100,32,1 day,1.4,,,,,
2025-09-04T22:14:33,H100,64,1 day,1.4,,,,,
2025-09-04T22:14:33,H100,128,1 day,1.4,,,,,
2025-09-04T22:14:33,H100,256,1 day,1.77,,,,,
2025-09-04T22:14:33,H100,8,1 week,1.4,,,,,
2025-09-04T22:14:33,H100,16,1 week,1.4,,,,,
2025-09-04T22:14:33,H100,32,1 week,1.4,,,,,
2025-09-04T22:14:33,H100,64,1 week,1.4,,,,,
2025-09-04T22:14:33,H100,128,1 week,1.4,,,,,
2025-09-04T22:14:33,H100,256,1 week,,,,,,
2025-09-04T22:14:33,H100,8,1 month,1.4,,,,,
2025-09-04T22:14:33,H100,16,1 month,1.4,,,,,
2025-09-04T22:14:33,H100,32,1 month,1.4,,,,,
2025-09-04T22:14:33,H100,64,1 month,1.4,,,,,
2025-09-04T22:14:33,H100,128,1 month,1.4,,,,,
2025-09-04T22:14:33,H100,256,1 month,,,,,,
2025-09-04T22:14:33,H200,8,1 hour,2.1,,,,,
2025-09-04T22:14:33,H200,16,1 hour,2.09,,,,,
2025-09-04T22:14:33,H200,32,1 hour,2.09,,,,,
2025-09-04T22:14:33,H200,64,1 hour,2.09,,,,,
2025-09-04T22:14:33,H200,128,1 hour,,,,,,
2025-09-04T22:14:33,H200,256,1 hour,,,,,,
2025-09-04T22:14:33,H200,8,1 day,2.1,,,,,
2025-09-04T22:14:33,H200,16,1 day,2.1,,,,,
2025-09-04T22:14:33,H200,32,1 day,2.1,,,,,
2025-09-04T22:14:33,H200,64,1 day,2.1,,,,,
2025-09-04T22:14:33,H200,128,1 day,,,,,,
2025-09-04T22:14:33,H200,256,1 day,,,,,,
2025-09-04T22:14:33,H200,8,1 week,2.1,,,,,
2025-09-04T22:14:33,H200,16,1 week,2.1,,,,,
2025-09-04T22:14:33,H200,32,1 week,2.1,,,,,
2025-09-04T22:14:33,H200,64,1 week,2.1,,,,,
2025-09-04T22:14:33,H200,128,1 week,,,,,,
2025-09-04T22:14:33,H200,256,1 week,,,,,,
2025-09-04T22:14:33,H200,8,1 month,2.1,,,,,
2025-09-04T22:14:33,H200,16,1 month,2.1,,,,,
2025-09-04T22:14:33,H200,32,1 month,2.1,,,,,
2025-09-04T22:14:33,H200,64,1 month,2.1,,,,,
2025-09-04T22:14:33,H200,128,1 month,,,,,,
2025-09-04T22:14:33,H200,256,1 month,,,,,,
2025-09-05T01:07:08,H100,8,1 hour,1.39,,,,,
2025-09-05T01:07:08,H100,16,1 hour,1.39,,,,,
2025-09-05T01:07:08,H100,32,1 hour,1.39,,,,,
2025-09-05T01:07:08,H100,64,1 hour,1.4,,,,,
2025-09-05T01:07:08,H100,128,1 hour,1.44,,,,,
2025-09-05T01:07:08,H100,256,1 hour,1.55,,,,,
2025-09-05T01:07:08,H100,8,1 day,1.4,,,,,
2025-09-05T01:07:08,H100,16,1 day,1.4,,,,,
2025-09-05T01:07:08,H100,32,1 day,1.4,,,,,
2025-09-05T01:07:08,H100,64,1 day,1.4,,,,,
2025-09-05T01:07:08,H100,128,1 day,1.4,,,,,
2025-09-05T01:07:08,H100,256,1 day,1.77,,,,,
2025-09-05T01:07:08,H100,8,1 week,1.4,,,,,
2025-09-05T01:07:08,H100,16,1 week,1.4,,,,,
2025-09-05T01:07:08,H100,32,1 week,1.4,,,,,
2025-09-05T01:07:08,H100,64,1 week,1.4,,,,,
2025-09-05T01:07:08,H100,128,1 week,1.4,,,,,
2025-09-05T01:07:08,H100,256,1 week,,,,,,
2025-09-05T01:07:08,H100,8,1 month,1.4,,,,,
2025-09-05T01:07:08,H100,16,1 month,1.4,,,,,
2025-09-05T01:07:08,H100,32,1 month,1.4,,,,,
2025-09-05T01:07:08,H100,64,1 month,1.4,,,,,
2025-09-05T01:07:08,H100,128,1 month,1.4,,,,,
2025-09-05T01:07:08,H100,256,1 month,,,,,,
2025-09-05T01:07:08,H200,8,1 hour,2.1,,,,,
2025-09-05T01:07:08,H200,16,1 hour,2.09,,,,,
2025-09-05T01:07:08,H200,32,1 hour,2.09,,,,,
2025-09-05T01:07:08,H200,64,1 hour,2.09,,,,,
2025-09-05T01:07:08,H200,128,1 hour,,,,,,
2025-09-05T01:07:08,H200,256,1 hour,,,,,,
2025-09-05T01:07:08,H200,8,1 day,2.1,,,,,
2025-09-05T01:07:08,H200,16,1 day,2.1,,,,,
2025-09-05T01:07:08,H200,32,1 day,2.1,,,,,
2025-09-05T01:07:08,H200,64,1 day,2.1,,,,,
2025-09-05T01:07:08,H200,128,1 day,,,,,,
2025-09-05T01:07:08,H200,256,1 day,,,,,,
2025-09-05T01:07:08,H200,8,1 week,2.1,,,,,
2025-09-05T01:07:08,H200,16,1 week,2.1,,,,,
2025-09-05T01:07:08,H200,32,1 week,2.1,,,,,
2025-09-05T01:07:08,H200,64,1 week,2.1,,,,,
2025-09-05T01:07:08,H200,128,1 week,,,,,,
2025-09-05T01:07:08,H200,256,1 week,,,,,,
2025-09-05T01:07:08,H200,8,1 month,2.1,,,,,
2025-09-05T01:07:08,H200,16,1 month,2.1,,,,,
2025-09-05T01:07:08,H200,32,1 month,2.1,,,,,
2025-09-05T01:07:08,H200,64,1 month,2.1,,,,,
2025-09-05T01:07:08,H200,128,1 month,,,,,,
2025-09-05T01:07:08,H200,256,1 month,,,,,,
2025-09-05T02:56:51,H100,8,1 hour,1.39,,,,,
2025-09-05T02:56:51,H100,16,1 hour,1.39,,,,,
2025-09-05T02:56:51,H100,32,1 hour,1.39,,,,,
2025-09-05T02:56:51,H100,64,1 hour,1.4,,,,,
2025-09-05T02:56:51,H100,128,1 hour,1.44,,,,,
2025-09-05T02:56:51,H100,256,1 hour,1.55,,,,,
2025-09-05T02:56:51,H100,8,1 day,1.4,,,,,
2025-09-05T02:56:51,H100,16,1 day,1.4,,,,,
2025-09-05T02:56:51,H100,32,1 day,1.4,,,,,
2025-09-05T02:56:51,H100,64,1 day,1.4,,,,,
2025-09-05T02:56:51,H100,128,1 day,1.4,,,,,
2025-09-05T02:56:51,H100,256,1 day,1.77,,,,,
2025-09-05T02:56:51,H100,8,1 week,1.4,,,,,
2025-09-05T02:56:51,H100,16,1 week,1.4,,,,,
2025-09-05T02:56:51,H100,32,1 week,1.4,,,,,
2025-09-05T02:56:51,H100,64,1 week,1.4,,,,,
2025-09-05T02:56:51,H100,128,1 week,1.4,,,,,
2025-09-05T02:56:51,H100,256,1 week,,,,,,
2025-09-05T02:56:51,H100,8,1 month,1.4,,,,,
2025-09-05T02:56:51,H100,16,1 month,1.4,,,,,
2025-09-05T02:56:51,H100,32,1 month,1.4,,,,,
2025-09-05T02:56:51,H100,64,1 month,1.4,,,,,
2025-09-05T02:56:51,H100,128,1 month,1.4,,,,,
2025-09-05T02:56:51,H100,256,1 month,,,,,,
2025-09-05T02:56:51,H200,8,1 hour,2.1,,,,,
2025-09-05T02:56:51,H200,16,1 hour,2.09,,,,,
2025-09-05T02:56:51,H200,32,1 hour,2.09,,,,,
2025-09-05T02:56:51,H200,64,1 hour,2.09,,,,,
2025-09-05T02:56:51,H200,128,1 hour,,,,,,
2025-09-05T02:56:51,H200,256,1 hour,,,,,,
2025-09-05T02:56:51,H200,8,1 day,2.1,,,,,
2025-09-05T02:56:51,H200,16,1 day,2.1,,,,,
2025-09-05T02:56:51,H200,32,1 day,2.1,,,,,
2025-09-05T02:56:51,H200,64,1 day,2.1,,,,,
2025-09-05T02:56:51,H200,128,1 day,,,,,,
2025-09-05T02:56:51,H200,256,1 day,,,,,,
2025-09-05T02:56:51,H200,8,1 week,2.1,,,,,
2025-09-05T02:56:51,H200,16,1 week,2.1,,,,,
2025-09-05T02:56:51,H200,32,1 week,2.1,,,,,
2025-09-05T02:56:51,H200,64,1 week,2.1,,,,,
2025-09-05T02:56:51,H200,128,1 week,,,,,,
2025-09-05T02:56:51,H200,256,1 week,,,,,,
2025-09-05T02:56:51,H200,8,1 month,2.1,,,,,
2025-09-05T02:56:51,H200,16,1 month,2.1,,,,,
2025-09-05T02:56:51,H200,32,1 month,2.1,,,,,
2025-09-05T02:56:51,H200,64,1 month,2.1,,,,,
2025-09-05T02:56:51,H200,128,1 month,,,,,,
2025-09-05T02:56:51,H200,256,1 month,,,,,,
2025-09-05T04:18:09,H100,8,1 hour,1.39,,,,,
2025-09-05T04:18:09,H100,16,1 hour,1.39,,,,,
2025-09-05T04:18:09,H100,32,1 hour,1.39,,,,,
2025-09-05T04:18:09,H100,64,1 hour,1.4,,,,,
2025-09-05T04:18:09,H100,128,1 hour,1.44,,,,,
2025-09-05T04:18:09,H100,256,1 hour,1.55,,,,,
2025-09-05T04:18:09,H100,8,1 day,1.4,,,,,
2025-09-05T04:18:09,H100,16,1 day,1.4,,,,,
2025-09-05T04:18:09,H100,32,1 day,1.4,,,,,
2025-09-05T04:18:09,H100,64,1 day,1.4,,,,,
2025-09-05T04:18:09,H100,128,1 day,1.4,,,,,
2025-09-05T04:18:09,H100,256,1 day,1.77,,,,,
2025-09-05T04:18:09,H100,8,1 week,1.4,,,,,
2025-09-05T04:18:09,H100,16,1 week,1.4,,,,,
2025-09-05T04:18:09,H100,32,1 week,1.4,,,,,
2025-09-05T04:18:09,H100,64,1 week,1.4,,,,,
2025-09-05T04:18:09,H100,128,1 week,1.4,,,,,
2025-09-05T04:18:09,H100,256,1 week,,,,,,
2025-09-05T04:18:09,H100,8,1 month,1.4,,,,,
2025-09-05T04:18:09,H100,16,1 month,1.4,,,,,
2025-09-05T04:18:09,H100,32,1 month,1.4,,,,,
2025-09-05T04:18:09,H100,64,1 month,1.4,,,,,
2025-09-05T04:18:09,H100,128,1 month,1.4,,,,,
2025-09-05T04:18:09,H100,256,1 month,,,,,,
2025-09-05T04:18:09,H200,8,1 hour,2.1,,,,,
2025-09-05T04:18:09,H200,16,1 hour,2.09,,,,,
2025-09-05T04:18:09,H200,32,1 hour,2.09,,,,,
2025-09-05T04:18:09,H200,64,1 hour,2.09,,,,,
2025-09-05T04:18:09,H200,128,1 hour,,,,,,
2025-09-05T04:18:09,H200,256,1 hour,,,,,,
2025-09-05T04:18:09,H200,8,1 day,2.1,,,,,
2025-09-05T04:18:09,H200,16,1 day,2.1,,,,,
2025-09-05T04:18:09,H200,32,1 day,2.1,,,,,
2025-09-05T04:18:09,H200,64,1 day,2.1,,,,,
2025-09-05T04:18:09,H200,128,1 day,,,,,,
2025-09-05T04:18:09,H200,256,1 day,,,,,,
2025-09-05T04:18:09,H200,8,1 week,2.1,,,,,
2025-09-05T04:18:09,H200,16,1 week,2.1,,,,,
2025-09-05T04:18:09,H200,32,1 week,2.1,,,,,
2025-09-05T04:18:09,H200,64,1 week,2.1,,,,,
2025-09-05T04:18:09,H200,128,1 week,,,,,,
2025-09-05T04:18:09,H200,256,1 week,,,,,,
2025-09-05T04:18:09,H200,8,1 month,2.1,,,,,
2025-09-05T04:18:09,H200,16,1 month,2.1,,,,,
2025-09-05T04:18:09,H200,32,1 month,2.1,,,,,
2025-09-05T04:18:09,H200,64,1 month,2.1,,,,,
2025-09-05T04:18:09,H200,128,1 month,,,,,,
2025-09-05T04:18:09,H200,256,1 month,,,,,,
2025-09-05T06:22:18,H100,8,1 hour,1.39,,,,,
2025-09-05T06:22:18,H100,16,1 hour,1.39,,,,,
2025-09-05T06:22:18,H100,32,1 hour,1.39,,,,,
2025-09-05T06:22:18,H100,64,1 hour,1.4,,,,,
2025-09-05T06:22:18,H100,128,1 hour,1.44,,,,,
2025-09-05T06:22:18,H100,256,1 hour,1.55,,,,,
2025-09-05T06:22:18,H100,8,1 day,1.4,,,,,
2025-09-05T06:22:18,H100,16,1 day,1.4,,,,,
2025-09-05T06:22:18,H100,32,1 day,1.4,,,,,
2025-09-05T06:22:18,H100,64,1 day,1.4,,,,,
2025-09-05T06:22:18,H100,128,1 day,1.4,,,,,
2025-09-05T06:22:18,H100,256,1 day,1.77,,,,,
2025-09-05T06:22:18,H100,8,1 week,1.4,,,,,
2025-09-05T06:22:18,H100,16,1 week,1.4,,,,,
2025-09-05T06:22:18,H100,32,1 week,1.4,,,,,
2025-09-05T06:22:18,H100,64,1 week,1.4,,,,,
2025-09-05T06:22:18,H100,128,1 week,1.4,,,,,
2025-09-05T06:22:18,H100,256,1 week,,,,,,
2025-09-05T06:22:18,H100,8,1 month,1.4,,,,,
2025-09-05T06:22:18,H100,16,1 month,1.4,,,,,
2025-09-05T06:22:18,H100,32,1 month,1.4,,,,,
2025-09-05T06:22:18,H100,64,1 month,1.4,,,,,
2025-09-05T06:22:18,H100,128,1 month,1.4,,,,,
2025-09-05T06:22:18,H100,256,1 month,,,,,,
2025-09-05T06:22:18,H200,8,1 hour,2.1,,,,,
2025-09-05T06:22:18,H200,16,1 hour,2.09,,,,,
2025-09-05T06:22:18,H200,32,1 hour,2.09,,,,,
2025-09-05T06:22:18,H200,64,1 hour,2.09,,,,,
2025-09-05T06:22:18,H200,128,1 hour,,,,,,
2025-09-05T06:22:18,H200,256,1 hour,,,,,,
2025-09-05T06:22:18,H200,8,1 day,2.1,,,,,
2025-09-05T06:22:18,H200,16,1 day,2.1,,,,,
2025-09-05T06:22:18,H200,32,1 day,2.1,,,,,
2025-09-05T06:22:18,H200,64,1 day,2.1,,,,,
2025-09-05T06:22:18,H200,128,1 day,,,,,,
2025-09-05T06:22:18,H200,256,1 day,,,,,,
2025-09-05T06:22:18,H200,8,1 week,2.1,,,,,
2025-09-05T06:22:18,H200,16,1 week,2.1,,,,,
2025-09-05T06:22:18,H200,32,1 week,2.1,,,,,
2025-09-05T06:22:18,H200,64,1 week,2.1,,,,,
2025-09-05T06:22:18,H200,128,1 week,,,,,,
2025-09-05T06:22:18,H200,256,1 week,,,,,,
2025-09-05T06:22:18,H200,8,1 month,2.1,,,,,
2025-09-05T06:22:18,H200,16,1 month,2.1,,,,,
2025-09-05T06:22:18,H200,32,1 month,2.1,,,,,
2025-09-05T06:22:18,H200,64,1 month,2.1,,,,,
2025-09-05T06:22:18,H200,128,1 month,,,,,,
2025-09-05T06:22:18,H200,256,1 month,,,,,,
2025-09-05T08:19:37,H100,8,1 hour,1.39,,,,,
2025-09-05T08:19:37,H100,16,1 hour,1.39,,,,,
2025-09-05T08:19:37,H100,32,1 hour,1.39,,,,,
2025-09-05T08:19:37,H100,64,1 hour,1.4,,,,,
2025-09-05T08:19:37,H100,128,1 hour,1.44,,,,,
2025-09-05T08:19:37,H100,256,1 hour,1.55,,,,,
2025-09-05T08:19:37,H100,8,1 day,1.4,,,,,
2025-09-05T08:19:37,H100,16,1 day,1.4,,,,,
2025-09-05T08:19:37,H100,32,1 day,1.4,,,,,
2025-09-05T08:19:37,H100,64,1 day,1.4,,,,,
2025-09-05T08:19:37,H100,128,1 day,1.4,,,,,
2025-09-05T08:19:37,H100,256,1 day,1.77,,,,,
2025-09-05T08:19:37,H100,8,1 week,1.4,,,,,
2025-09-05T08:19:37,H100,16,1 week,1.4,,,,,
2025-09-05T08:19:37,H100,32,1 week,1.4,,,,,
2025-09-05T08:19:37,H100,64,1 week,1.4,,,,,
2025-09-05T08:19:37,H100,128,1 week,1.4,,,,,
2025-09-05T08:19:37,H100,256,1 week,,,,,,
2025-09-05T08:19:37,H100,8,1 month,1.4,,,,,
2025-09-05T08:19:37,H100,16,1 month,1.4,,,,,
2025-09-05T08:19:37,H100,32,1 month,1.4,,,,,
2025-09-05T08:19:37,H100,64,1 month,1.4,,,,,
2025-09-05T08:19:37,H100,128,1 month,1.4,,,,,
2025-09-05T08:19:37,H100,256,1 month,,,,,,
2025-09-05T08:19:37,H200,8,1 hour,2.1,,,,,
2025-09-05T08:19:37,H200,16,1 hour,2.09,,,,,
2025-09-05T08:19:37,H200,32,1 hour,2.09,,,,,
2025-09-05T08:19:37,H200,64,1 hour,2.09,,,,,
2025-09-05T08:19:37,H200,128,1 hour,,,,,,
2025-09-05T08:19:37,H200,256,1 hour,,,,,,
2025-09-05T08:19:37,H200,8,1 day,2.1,,,,,
2025-09-05T08:19:37,H200,16,1 day,2.1,,,,,
2025-09-05T08:19:37,H200,32,1 day,2.1,,,,,
2025-09-05T08:19:37,H200,64,1 day,2.1,,,,,
2025-09-05T08:19:37,H200,128,1 day,,,,,,
2025-09-05T08:19:37,H200,256,1 day,,,,,,
2025-09-05T08:19:37,H200,8,1 week,2.1,,,,,
2025-09-05T08:19:37,H200,16,1 week,2.1,,,,,
2025-09-05T08:19:37,H200,32,1 week,2.1,,,,,
2025-09-05T08:19:37,H200,64,1 week,2.1,,,,,
2025-09-05T08:19:37,H200,128,1 week,,,,,,
2025-09-05T08:19:37,H200,256,1 week,,,,,,
2025-09-05T08:19:37,H200,8,1 month,2.1,,,,,
2025-09-05T08:19:37,H200,16,1 month,2.1,,,,,
2025-09-05T08:19:37,H200,32,1 month,2.1,,,,,
2025-09-05T08:19:37,H200,64,1 month,2.1,,,,,
2025-09-05T08:19:37,H200,128,1 month,,,,,,
2025-09-05T08:19:37,H200,256,1 month,,,,,,
2025-09-05T10:16:04,H100,8,1 hour,1.39,,,,,
2025-09-05T10:16:04,H100,16,1 hour,1.39,,,,,
2025-09-05T10:16:04,H100,32,1 hour,1.39,,,,,
2025-09-05T10:16:04,H100,64,1 hour,1.4,,,,,
2025-09-05T10:16:04,H100,128,1 hour,1.44,,,,,
2025-09-05T10:16:04,H100,256,1 hour,1.55,,,,,
2025-09-05T10:16:04,H100,8,1 day,1.4,,,,,
2025-09-05T10:16:04,H100,16,1 day,1.4,,,,,
2025-09-05T10:16:04,H100,32,1 day,1.4,,,,,
2025-09-05T10:16:04,H100,64,1 day,1.4,,,,,
2025-09-05T10:16:04,H100,128,1 day,1.4,,,,,
2025-09-05T10:16:04,H100,256,1 day,1.77,,,,,
2025-09-05T10:16:04,H100,8,1 week,1.4,,,,,
2025-09-05T10:16:04,H100,16,1 week,1.4,,,,,
2025-09-05T10:16:04,H100,32,1 week,1.4,,,,,
2025-09-05T10:16:04,H100,64,1 week,1.4,,,,,
2025-09-05T10:16:04,H100,128,1 week,1.4,,,,,
2025-09-05T10:16:04,H100,256,1 week,,,,,,
2025-09-05T10:16:04,H100,8,1 month,1.4,,,,,
2025-09-05T10:16:04,H100,16,1 month,1.4,,,,,
2025-09-05T10:16:04,H100,32,1 month,1.4,,,,,
2025-09-05T10:16:04,H100,64,1 month,1.4,,,,,
2025-09-05T10:16:04,H100,128,1 month,1.4,,,,,
2025-09-05T10:16:04,H100,256,1 month,,,,,,
2025-09-05T10:16:04,H200,8,1 hour,2.1,,,,,
2025-09-05T10:16:04,H200,16,1 hour,2.09,,,,,
2025-09-05T10:16:04,H200,32,1 hour,2.09,,,,,
2025-09-05T10:16:04,H200,64,1 hour,2.09,,,,,
2025-09-05T10:16:04,H200,128,1 hour,,,,,,
2025-09-05T10:16:04,H200,256,1 hour,,,,,,
2025-09-05T10:16:04,H200,8,1 day,2.1,,,,,
2025-09-05T10:16:04,H200,16,1 day,2.1,,,,,
2025-09-05T10:16:04,H200,32,1 day,2.1,,,,,
2025-09-05T10:16:04,H200,64,1 day,2.1,,,,,
2025-09-05T10:16:04,H200,128,1 day,,,,,,
2025-09-05T10:16:04,H200,256,1 day,,,,,,
2025-09-05T10:16:04,H200,8,1 week,2.1,,,,,
2025-09-05T10:16:04,H200,16,1 week,2.1,,,,,
2025-09-05T10:16:04,H200,32,1 week,2.1,,,,,
2025-09-05T10:16:04,H200,64,1 week,2.1,,,,,
2025-09-05T10:16:04,H200,128,1 week,,,,,,
2025-09-05T10:16:04,H200,256,1 week,,,,,,
2025-09-05T10:16:04,H200,8,1 month,2.1,,,,,
2025-09-05T10:16:04,H200,16,1 month,2.1,,,,,
2025-09-05T10:16:04,H200,32,1 month,2.1,,,,,
2025-09-05T10:16:04,H200,64,1 month,2.1,,,,,
2025-09-05T10:16:04,H200,128,1 month,,,,,,
2025-09-05T10:16:04,H200,256,1 month,,,,,,
2025-09-05T12:29:30,H100,8,1 hour,1.39,,,,,
2025-09-05T12:29:30,H100,16,1 hour,1.39,,,,,
2025-09-05T12:29:30,H100,32,1 hour,1.39,,,,,
2025-09-05T12:29:30,H100,64,1 hour,1.4,,,,,
2025-09-05T12:29:30,H100,128,1 hour,1.44,,,,,
2025-09-05T12:29:30,H100,256,1 hour,1.55,,,,,
2025-09-05T12:29:30,H100,8,1 day,1.4,,,,,
2025-09-05T12:29:30,H100,16,1 day,1.4,,,,,
2025-09-05T12:29:30,H100,32,1 day,1.4,,,,,
2025-09-05T12:29:30,H100,64,1 day,1.4,,,,,
2025-09-05T12:29:30,H100,128,1 day,1.4,,,,,
2025-09-05T12:29:30,H100,256,1 day,1.77,,,,,
2025-09-05T12:29:30,H100,8,1 week,1.4,,,,,
2025-09-05T12:29:30,H100,16,1 week,1.4,,,,,
2025-09-05T12:29:30,H100,32,1 week,1.4,,,,,
2025-09-05T12:29:30,H100,64,1 week,1.4,,,,,
2025-09-05T12:29:30,H100,128,1 week,1.4,,,,,
2025-09-05T12:29:30,H100,256,1 week,,,,,,
2025-09-05T12:29:30,H100,8,1 month,1.4,,,,,
2025-09-05T12:29:30,H100,16,1 month,1.4,,,,,
2025-09-05T12:29:30,H100,32,1 month,1.4,,,,,
2025-09-05T12:29:30,H100,64,1 month,1.4,,,,,
2025-09-05T12:29:30,H100,128,1 month,1.4,,,,,
2025-09-05T12:29:30,H100,256,1 month,,,,,,
2025-09-05T12:29:30,H200,8,1 hour,2.1,,,,,
2025-09-05T12:29:30,H200,16,1 hour,2.09,,,,,
2025-09-05T12:29:30,H200,32,1 hour,2.09,,,,,
2025-09-05T12:29:30,H200,64,1 hour,2.09,,,,,
2025-09-05T12:29:30,H200,128,1 hour,,,,,,
2025-09-05T12:29:30,H200,256,1 hour,,,,,,
2025-09-05T12:29:30,H200,8,1 day,2.1,,,,,
2025-09-05T12:29:30,H200,16,1 day,2.1,,,,,
2025-09-05T12:29:30,H200,32,1 day,2.1,,,,,
2025-09-05T12:29:30,H200,64,1 day,2.1,,,,,
2025-09-05T12:29:30,H200,128,1 day,,,,,,
2025-09-05T12:29:30,H200,256,1 day,,,,,,
2025-09-05T12:29:30,H200,8,1 week,2.1,,,,,
2025-09-05T12:29:30,H200,16,1 week,2.1,,,,,
2025-09-05T12:29:30,H200,32,1 week,2.1,,,,,
2025-09-05T12:29:30,H200,64,1 week,2.1,,,,,
2025-09-05T12:29:30,H200,128,1 week,,,,,,
2025-09-05T12:29:30,H200,256,1 week,,,,,,
2025-09-05T12:29:30,H200,8,1 month,2.1,,,,,
2025-09-05T12:29:30,H200,16,1 month,2.1,,,,,
2025-09-05T12:29:30,H200,32,1 month,2.1,,,,,
2025-09-05T12:29:30,H200,64,1 month,2.1,,,,,
2025-09-05T12:29:30,H200,128,1 month,,,,,,
2025-09-05T12:29:30,H200,256,1 month,,,,,,
2025-09-05T14:13:53,H100,8,1 hour,1.39,,,,,
2025-09-05T14:13:53,H100,16,1 hour,1.39,,,,,
2025-09-05T14:13:53,H100,32,1 hour,1.39,,,,,
2025-09-05T14:13:53,H100,64,1 hour,1.4,,,,,
2025-09-05T14:13:53,H100,128,1 hour,1.44,,,,,
2025-09-05T14:13:53,H100,256,1 hour,1.55,,,,,
2025-09-05T14:13:53,H100,8,1 day,1.4,,,,,
2025-09-05T14:13:53,H100,16,1 day,1.4,,,,,
2025-09-05T14:13:53,H100,32,1 day,1.4,,,,,
2025-09-05T14:13:53,H100,64,1 day,1.4,,,,,
2025-09-05T14:13:53,H100,128,1 day,1.4,,,,,
2025-09-05T14:13:53,H100,256,1 day,1.77,,,,,
2025-09-05T14:13:53,H100,8,1 week,1.4,,,,,
2025-09-05T14:13:53,H100,16,1 week,1.4,,,,,
2025-09-05T14:13:53,H100,32,1 week,1.4,,,,,
2025-09-05T14:13:53,H100,64,1 week,1.4,,,,,
2025-09-05T14:13:53,H100,128,1 week,1.4,,,,,
2025-09-05T14:13:53,H100,256,1 week,,,,,,
2025-09-05T14:13:53,H100,8,1 month,1.4,,,,,
2025-09-05T14:13:53,H100,16,1 month,1.4,,,,,
2025-09-05T14:13:53,H100,32,1 month,1.4,,,,,
2025-09-05T14:13:53,H100,64,1 month,1.4,,,,,
2025-09-05T14:13:53,H100,128,1 month,1.4,,,,,
2025-09-05T14:13:53,H100,256,1 month,,,,,,
2025-09-05T14:13:53,H200,8,1 hour,2.1,,,,,
2025-09-05T14:13:53,H200,16,1 hour,2.09,,,,,
2025-09-05T14:13:53,H200,32,1 hour,2.09,,,,,
2025-09-05T14:13:53,H200,64,1 hour,2.09,,,,,
2025-09-05T14:13:53,H200,128,1 hour,,,,,,
2025-09-05T14:13:53,H200,256,1 hour,,,,,,
2025-09-05T14:13:53,H200,8,1 day,2.1,,,,,
2025-09-05T14:13:53,H200,16,1 day,2.1,,,,,
2025-09-05T14:13:53,H200,32,1 day,2.1,,,,,
2025-09-05T14:13:53,H200,64,1 day,2.1,,,,,
2025-09-05T14:13:53,H200,128,1 day,,,,,,
2025-09-05T14:13:53,H200,256,1 day,,,,,,
2025-09-05T14:13:53,H200,8,1 week,2.1,,,,,
2025-09-05T14:13:53,H200,16,1 week,2.1,,,,,
2025-09-05T14:13:53,H200,32,1 week,2.1,,,,,
2025-09-05T14:13:53,H200,64,1 week,2.1,,,,,
2025-09-05T14:13:53,H200,128,1 week,,,,,,
2025-09-05T14:13:53,H200,256,1 week,,,,,,
2025-09-05T14:13:53,H200,8,1 month,2.1,,,,,
2025-09-05T14:13:53,H200,16,1 month,2.1,,,,,
2025-09-05T14:13:53,H200,32,1 month,2.1,,,,,
2025-09-05T14:13:53,H200,64,1 month,2.1,,,,,
2025-09-05T14:13:53,H200,128,1 month,,,,,,
2025-09-05T14:13:53,H200,256,1 month,,,,,,
2025-09-05T16:18:17,H100,8,1 hour,1.39,,,,,
2025-09-05T16:18:17,H100,16,1 hour,1.39,,,,,
2025-09-05T16:18:17,H100,32,1 hour,1.39,,,,,
2025-09-05T16:18:17,H100,64,1 hour,1.4,,,,,
2025-09-05T16:18:17,H100,128,1 hour,1.44,,,,,
2025-09-05T16:18:17,H100,256,1 hour,1.55,,,,,
2025-09-05T16:18:17,H100,8,1 day,1.4,,,,,
2025-09-05T16:18:17,H100,16,1 day,1.4,,,,,
2025-09-05T16:18:17,H100,32,1 day,1.4,,,,,
2025-09-05T16:18:17,H100,64,1 day,1.4,,,,,
2025-09-05T16:18:17,H100,128,1 day,1.4,,,,,
2025-09-05T16:18:17,H100,256,1 day,1.77,,,,,
2025-09-05T16:18:17,H100,8,1 week,1.4,,,,,
2025-09-05T16:18:17,H100,16,1 week,1.4,,,,,
2025-09-05T16:18:17,H100,32,1 week,1.4,,,,,
2025-09-05T16:18:17,H100,64,1 week,1.4,,,,,
2025-09-05T16:18:17,H100,128,1 week,1.4,,,,,
2025-09-05T16:18:17,H100,256,1 week,,,,,,
2025-09-05T16:18:17,H100,8,1 month,1.4,,,,,
2025-09-05T16:18:17,H100,16,1 month,1.4,,,,,
2025-09-05T16:18:17,H100,32,1 month,1.4,,,,,
2025-09-05T16:18:17,H100,64,1 month,1.4,,,,,
2025-09-05T16:18:17,H100,128,1 month,1.4,,,,,
2025-09-05T16:18:17,H100,256,1 month,,,,,,
2025-09-05T16:18:17,H200,8,1 hour,2.1,,,,,
2025-09-05T16:18:17,H200,16,1 hour,2.09,,,,,
2025-09-05T16:18:17,H200,32,1 hour,2.09,,,,,
2025-09-05T16:18:17,H200,64,1 hour,2.09,,,,,
2025-09-05T16:18:17,H200,128,1 hour,,,,,,
2025-09-05T16:18:17,H200,256,1 hour,,,,,,
2025-09-05T16:18:17,H200,8,1 day,2.1,,,,,
2025-09-05T16:18:17,H200,16,1 day,2.1,,,,,
2025-09-05T16:18:17,H200,32,1 day,2.1,,,,,
2025-09-05T16:18:17,H200,64,1 day,2.1,,,,,
2025-09-05T16:18:17,H200,128,1 day,,,,,,
2025-09-05T16:18:17,H200,256,1 day,,,,,,
2025-09-05T16:18:17,H200,8,1 week,2.1,,,,,
2025-09-05T16:18:17,H200,16,1 week,2.1,,,,,
2025-09-05T16:18:17,H200,32,1 week,2.1,,,,,
2025-09-05T16:18:17,H200,64,1 week,2.1,,,,,
2025-09-05T16:18:17,H200,128,1 week,,,,,,
2025-09-05T16:18:17,H200,256,1 week,,,,,,
2025-09-05T16:18:17,H200,8,1 month,2.1,,,,,
2025-09-05T16:18:17,H200,16,1 month,2.1,,,,,
2025-09-05T16:18:17,H200,32,1 month,2.1,,,,,
2025-09-05T16:18:17,H200,64,1 month,2.1,,,,,
2025-09-05T16:18:17,H200,128,1 month,,,,,,
2025-09-05T16:18:17,H200,256,1 month,,,,,,
2025-09-05T18:19:38,H100,8,1 hour,1.39,,,,,
2025-09-05T18:19:38,H100,16,1 hour,1.39,,,,,
2025-09-05T18:19:38,H100,32,1 hour,1.39,,,,,
2025-09-05T18:19:38,H100,64,1 hour,1.4,,,,,
2025-09-05T18:19:38,H100,128,1 hour,1.44,,,,,
2025-09-05T18:19:38,H100,256,1 hour,1.55,,,,,
2025-09-05T18:19:38,H100,8,1 day,1.4,,,,,
2025-09-05T18:19:38,H100,16,1 day,1.4,,,,,
2025-09-05T18:19:38,H100,32,1 day,1.4,,,,,
2025-09-05T18:19:38,H100,64,1 day,1.4,,,,,
2025-09-05T18:19:38,H100,128,1 day,1.4,,,,,
2025-09-05T18:19:38,H100,256,1 day,1.77,,,,,
2025-09-05T18:19:38,H100,8,1 week,1.4,,,,,
2025-09-05T18:19:38,H100,16,1 week,1.4,,,,,
2025-09-05T18:19:38,H100,32,1 week,1.4,,,,,
2025-09-05T18:19:38,H100,64,1 week,1.4,,,,,
2025-09-05T18:19:38,H100,128,1 week,1.4,,,,,
2025-09-05T18:19:38,H100,256,1 week,,,,,,
2025-09-05T18:19:38,H100,8,1 month,1.4,,,,,
2025-09-05T18:19:38,H100,16,1 month,1.4,,,,,
2025-09-05T18:19:38,H100,32,1 month,1.4,,,,,
2025-09-05T18:19:38,H100,64,1 month,1.4,,,,,
2025-09-05T18:19:38,H100,128,1 month,1.4,,,,,
2025-09-05T18:19:38,H100,256,1 month,,,,,,
2025-09-05T18:19:38,H200,8,1 hour,2.1,,,,,
2025-09-05T18:19:38,H200,16,1 hour,2.09,,,,,
2025-09-05T18:19:38,H200,32,1 hour,2.09,,,,,
2025-09-05T18:19:38,H200,64,1 hour,2.09,,,,,
2025-09-05T18:19:38,H200,128,1 hour,,,,,,
2025-09-05T18:19:38,H200,256,1 hour,,,,,,
2025-09-05T18:19:38,H200,8,1 day,2.1,,,,,
2025-09-05T18:19:38,H200,16,1 day,2.1,,,,,
2025-09-05T18:19:38,H200,32,1 day,2.1,,,,,
2025-09-05T18:19:38,H200,64,1 day,2.1,,,,,
2025-09-05T18:19:38,H200,128,1 day,,,,,,
2025-09-05T18:19:38,H200,256,1 day,,,,,,
2025-09-05T18:19:38,H200,8,1 week,2.1,,,,,
2025-09-05T18:19:38,H200,16,1 week,2.1,,,,,
2025-09-05T18:19:38,H200,32,1 week,2.1,,,,,
2025-09-05T18:19:38,H200,64,1 week,2.1,,,,,
2025-09-05T18:19:38,H200,128,1 week,,,,,,
2025-09-05T18:19:38,H200,256,1 week,,,,,,
2025-09-05T18:19:38,H200,8,1 month,2.1,,,,,
2025-09-05T18:19:38,H200,16,1 month,2.1,,,,,
2025-09-05T18:19:38,H200,32,1 month,2.1,,,,,
2025-09-05T18:19:38,H200,64,1 month,2.1,,,,,
2025-09-05T18:19:38,H200,128,1 month,,,,,,
2025-09-05T18:19:38,H200,256,1 month,,,,,,
2025-09-05T20:16:36,H100,8,1 hour,1.39,,,,,
2025-09-05T20:16:36,H100,16,1 hour,1.39,,,,,
2025-09-05T20:16:36,H100,32,1 hour,1.39,,,,,
2025-09-05T20:16:36,H100,64,1 hour,1.4,,,,,
2025-09-05T20:16:36,H100,128,1 hour,1.44,,,,,
2025-09-05T20:16:36,H100,256,1 hour,1.55,,,,,
2025-09-05T20:16:36,H100,8,1 day,1.4,,,,,
2025-09-05T20:16:36,H100,16,1 day,1.4,,,,,
2025-09-05T20:16:36,H100,32,1 day,1.4,,,,,
2025-09-05T20:16:36,H100,64,1 day,1.4,,,,,
2025-09-05T20:16:36,H100,128,1 day,1.4,,,,,
2025-09-05T20:16:36,H100,256,1 day,1.77,,,,,
2025-09-05T20:16:36,H100,8,1 week,1.4,,,,,
2025-09-05T20:16:36,H100,16,1 week,1.4,,,,,
2025-09-05T20:16:36,H100,32,1 week,1.4,,,,,
2025-09-05T20:16:36,H100,64,1 week,1.4,,,,,
2025-09-05T20:16:36,H100,128,1 week,1.4,,,,,
2025-09-05T20:16:36,H100,256,1 week,,,,,,
2025-09-05T20:16:36,H100,8,1 month,1.4,,,,,
2025-09-05T20:16:36,H100,16,1 month,1.4,,,,,
2025-09-05T20:16:36,H100,32,1 month,1.4,,,,,
2025-09-05T20:16:36,H100,64,1 month,1.4,,,,,
2025-09-05T20:16:36,H100,128,1 month,1.4,,,,,
2025-09-05T20:16:36,H100,256,1 month,,,,,,
2025-09-05T20:16:36,H200,8,1 hour,2.1,,,,,
2025-09-05T20:16:36,H200,16,1 hour,2.09,,,,,
2025-09-05T20:16:36,H200,32,1 hour,2.09,,,,,
2025-09-05T20:16:36,H200,64,1 hour,2.09,,,,,
2025-09-05T20:16:36,H200,128,1 hour,,,,,,
2025-09-05T20:16:36,H200,256,1 hour,,,,,,
2025-09-05T20:16:36,H200,8,1 day,2.1,,,,,
2025-09-05T20:16:36,H200,16,1 day,2.1,,,,,
2025-09-05T20:16:36,H200,32,1 day,2.1,,,,,
2025-09-05T20:16:36,H200,64,1 day,2.1,,,,,
2025-09-05T20:16:36,H200,128,1 day,,,,,,
2025-09-05T20:16:36,H200,256,1 day,,,,,,
2025-09-05T20:16:36,H200,8,1 week,2.1,,,,,
2025-09-05T20:16:36,H200,16,1 week,2.1,,,,,
2025-09-05T20:16:36,H200,32,1 week,2.1,,,,,
2025-09-05T20:16:36,H200,64,1 week,2.1,,,,,
2025-09-05T20:16:36,H200,128,1 week,,,,,,
2025-09-05T20:16:36,H200,256,1 week,,,,,,
2025-09-05T20:16:36,H200,8,1 month,2.1,,,,,
2025-09-05T20:16:36,H200,16,1 month,2.1,,,,,
2025-09-05T20:16:36,H200,32,1 month,2.1,,,,,
2025-09-05T20:16:36,H200,64,1 month,2.1,,,,,
2025-09-05T20:16:36,H200,128,1 month,,,,,,
2025-09-05T20:16:36,H200,256,1 month,,,,,,
